path,phase,required,owner,status,revision,sha256,consumes,evidence_ids,confidentiality,produced_by,verified_by,verification_id,verification_event_id,provenance_event_id,schema_id,schema_revision,semantic_type,na_policy_code,na_reason_code,verifier_registry_id,signing_key_id,updated_at,notes
00-governance/intake-original.md,INTAKE,true,root-integration-owner,DRAFT,1,5c71be2f9037ceb1a2c7c26af8cf9def6d5528cbd2058b2ebb82e29d2213ef20,,INPUT-001,UNRESOLVED,single-input-kickoff,,,,,S4::00_governance_intake_original_md,1,intake_original,INTAKE_REQUIRED,,,,2026-08-28T19:30:46Z,File existence is not verification.
00-governance/intake.json,INTAKE,true,root-integration-owner,DRAFT,1,13ccf343b8690d2f0b7ac5e5dc892947b6c8ff44b3b1cc2b4f7a53638f37b0ec,00-governance/intake-original.md,INPUT-001,UNRESOLVED,single-input-kickoff,,,,,S4::00_governance_intake_json,1,normalized_intake,INTAKE_REQUIRED,,,,2026-08-28T19:30:46Z,File existence is not verification.
00-governance/program-charter.md,INTAKE,true,root-integration-owner,DRAFT,2,37cf0f46a4aaf3104606cfbb1a96fee3398a03242a880023459ed2489b511670,00-governance/intake.json,,UNRESOLVED,codex-root,,,,PROV-745188067e5e,S4::00_governance_program_charter_md,1,program_charter,CHARTER_REQUIRED,,,,2026-08-28T20:12:55Z,Final local replay revision; independent/human finality remains open.
00-governance/decision-log.md,INTAKE,false,root-integration-owner,DRAFT,1,aa104c55eeec6ff6a28837875c3665a823af96b28fca0a76924a59cd51c1b2e1,00-governance/intake.json,INPUT-001,UNRESOLVED,single-input-kickoff,,,,,S4::00_governance_decision_log_md,1,decision_log,CONTROL_LEDGER,,,,2026-08-28T19:30:46Z,File existence is not verification.
00-governance/study-profile.json,INTAKE,true,root-integration-owner,DRAFT,2,2fc19d2a860a4df6c3db41cc437d33808c76e9a4f2e2679fe9bd1901889c9c22,00-governance/intake.json,,UNRESOLVED,codex-root,,,,PROV-8970162babe9,S4::00_governance_study_profile_json,1,study_profile,PROFILE_REQUIRED_BEFORE_DESIGN,,,,2026-08-28T20:12:55Z,Final local replay revision; independent/human finality remains open.
00-governance/egress-policy.json,INTAKE,false,root-integration-owner,DRAFT,1,946e37e6fc9536b19bb79c9df4ff10824f3b2a35f7891fdcc60ba20a791b3cc1,00-governance/program-charter.md,,UNRESOLVED,codex-root,,,,PROV-0e0fb18453f4,S4::00_governance_egress_policy_json,1,egress_policy,DOCUMENTED_EXCEPTION,,,,2026-08-28T20:05:43Z,Locally produced draft; independent or accountable-human verification remains governed by the phase gates.
00-governance/capability-preflight.json,INTAKE,false,root-integration-owner,DRAFT,1,0f078795a1fb0d4b31412e44659f61025669ed74230874f553e2a6784b51bf31,00-governance/program-charter.md,,UNRESOLVED,codex-root,,,,PROV-f6ed9c14adb2,S4::00_governance_capability_preflight_json,1,capability_preflight,DOCUMENTED_EXCEPTION,,,,2026-08-28T20:05:43Z,Locally produced draft; independent or accountable-human verification remains governed by the phase gates.
01-novelty/problem-investigation.md,NOVELTY_AUDIT,true,root-integration-owner,DRAFT,1,a5dddf07c40eaf7ce0f0b5b55cdb5f50f83527311d37dc6b97ae4b7137f3aaf6,00-governance/program-charter.md,,UNRESOLVED,codex-root,,,,PROV-a9ba3ef54b3d,S4::01_novelty_problem_investigation_md,1,01_novelty_problem_investigation_md_document,CANONICAL_ARTIFACT_POLICY,,,,2026-08-28T20:05:43Z,Locally produced draft; independent or accountable-human verification remains governed by the phase gates.
01-novelty/novelty-claim-specification.md,NOVELTY_AUDIT,true,root-integration-owner,DRAFT,1,afd55bceb50c4795cfd97c08c461a7512f027854715ff2bfb69d6c5d1ac18aa4,01-novelty/problem-investigation.md,,UNRESOLVED,codex-root,,,,PROV-9ff32c9a431b,S4::01_novelty_novelty_claim_specification_md,1,01_novelty_novelty_claim_specification_md_document,CANONICAL_ARTIFACT_POLICY,,,,2026-08-28T20:05:43Z,Locally produced draft; independent or accountable-human verification remains governed by the phase gates.
01-novelty/search-protocol.md,NOVELTY_AUDIT,true,root-integration-owner,DRAFT,1,86f60fefadc794974a765b5a34ef30509a9712fcd6c551dbaf68b3d7cc9aa044,01-novelty/problem-investigation.md,,UNRESOLVED,codex-root,,,,PROV-3c64a6e780c5,S4::01_novelty_search_protocol_md,1,01_novelty_search_protocol_md_document,CANONICAL_ARTIFACT_POLICY,,,,2026-08-28T20:05:43Z,Locally produced draft; independent or accountable-human verification remains governed by the phase gates.
01-novelty/prior-art-query-log.json,NOVELTY_AUDIT,true,root-integration-owner,DRAFT,2,90fce154b8acb822ac1e4fa2599eff42a858ed30bb44d9c64be6504a68a18f05,01-novelty/search-protocol.md,,UNRESOLVED,codex-root,,,,PROV-cdb5b2e7b42c,S4::01_novelty_prior_art_query_log_json,1,prior_art_query_log,NOVELTY_SEARCH_REQUIRED,,,,2026-08-28T20:11:29Z,Schema-v4 normalized local draft; independent scientific and human gates remain open.
01-novelty/prior-art-raw-snapshots.json,NOVELTY_AUDIT,true,root-integration-owner,DRAFT,2,4831e188525d9a86767c910ec98754e824ea20a6ec8534ad11fdfc908936f72c,01-novelty/prior-art-query-log.json,,UNRESOLVED,codex-root,,,,PROV-4621fa385d04,S4::01_novelty_prior_art_raw_snapshots_json,1,prior_art_raw_snapshots,NOVELTY_SEARCH_REQUIRED,,,,2026-08-28T20:11:29Z,Schema-v4 normalized local draft; independent scientific and human gates remain open.
01-novelty/prior-art-dedup-report.json,NOVELTY_AUDIT,true,root-integration-owner,DRAFT,2,062bb3fb6821dffa99888cfdb523da005bd418d376d350a2a4f95d414f672f37,01-novelty/prior-art-raw-snapshots.json,,UNRESOLVED,codex-root,,,,PROV-21fe7db8a23f,S4::01_novelty_prior_art_dedup_report_json,1,prior_art_dedup_report,NOVELTY_SEARCH_REQUIRED,,,,2026-08-28T20:11:29Z,Schema-v4 normalized local draft; independent scientific and human gates remain open.
01-novelty/search-coverage.csv,NOVELTY_AUDIT,true,root-integration-owner,DRAFT,2,66e4aadc129eb011aac8ce3cc92d61fa2ca3b9e0f2491f7cc609d4cec44e3eaf,01-novelty/novelty-claim-specification.md|01-novelty/search-protocol.md,,UNRESOLVED,codex-root,,,,PROV-f06778c1a502,S4::01_novelty_search_coverage_csv,1,search_coverage,NOVELTY_SEARCH_REQUIRED,,,,2026-08-28T20:11:29Z,Schema-v4 normalized local draft; independent scientific and human gates remain open.
01-novelty/evidence-ledger.csv,NOVELTY_AUDIT,true,root-integration-owner,DRAFT,1,e635828d385be768eedaec30ae16b31bc48a3ac5b7afadcbfc6072e95f58d562,01-novelty/search-protocol.md,,UNRESOLVED,codex-root,,,,PROV-ec2fcef76e44,S4::01_novelty_evidence_ledger_csv,1,evidence_ledger,NOVELTY_SEARCH_REQUIRED,,,,2026-08-28T20:05:43Z,Locally produced draft; independent or accountable-human verification remains governed by the phase gates.
01-novelty/independent-search-challenge.md,NOVELTY_AUDIT,true,root-integration-owner,DRAFT,1,d324a59578364ef3df5cb237eae33bd57e2573c5b9a4832f77dae115c81340b7,01-novelty/novelty-claim-specification.md|01-novelty/search-coverage.csv|01-novelty/evidence-ledger.csv,,UNRESOLVED,codex-root,,,,PROV-62fa9812649d,S4::01_novelty_independent_search_challenge_md,1,01_novelty_independent_search_challenge_md_document,CANONICAL_ARTIFACT_POLICY,,,,2026-08-28T20:05:43Z,Locally produced draft; independent or accountable-human verification remains governed by the phase gates.
01-novelty/novelty-matrix.csv,NOVELTY_AUDIT,true,root-integration-owner,DRAFT,2,f41ae48962849663580cd39a5d798561b92abda506e4f0f27a7d7ea0ace3e16e,01-novelty/evidence-ledger.csv|01-novelty/search-coverage.csv|01-novelty/independent-search-challenge.md,,UNRESOLVED,codex-root,,,,PROV-c197d1c04bd1,S4::01_novelty_novelty_matrix_csv,1,novelty_matrix,NOVELTY_MATRIX_REQUIRED,,,,2026-08-28T20:11:29Z,Schema-v4 normalized local draft; independent scientific and human gates remain open.
01-novelty/citation-audit.md,NOVELTY_AUDIT,true,root-integration-owner,DRAFT,1,76ef3cf7854b76c320ea7844f760a0a0a24920a45a0d1aaf636a61f7904d8bb9,01-novelty/evidence-ledger.csv|01-novelty/novelty-matrix.csv,,UNRESOLVED,codex-root,,,,PROV-0f8def564235,S4::01_novelty_citation_audit_md,1,01_novelty_citation_audit_md_document,CANONICAL_ARTIFACT_POLICY,,,,2026-08-28T20:05:43Z,Locally produced draft; independent or accountable-human verification remains governed by the phase gates.
01-novelty/causal-model.mmd,NOVELTY_AUDIT,true,root-integration-owner,DRAFT,1,f6e9583ca3a2c2efa6614af844610b1cd1d051701df040c5bbb0672990037bf1,01-novelty/problem-investigation.md,,UNRESOLVED,codex-root,,,,PROV-1eb8654128e2,S4::01_novelty_causal_model_mmd,1,01_novelty_causal_model_mmd_diagram,CANONICAL_ARTIFACT_POLICY,,,,2026-08-28T20:05:43Z,Locally produced draft; independent or accountable-human verification remains governed by the phase gates.
01-novelty/candidate-portfolio.md,NOVELTY_AUDIT,true,root-integration-owner,DRAFT,1,1e101cf56f53aab74f8bccb9bc1a69f9805a055a25a4aec329fcf2d29d515b75,01-novelty/novelty-matrix.csv|01-novelty/causal-model.mmd,,UNRESOLVED,codex-root,,,,PROV-37ff08bb491f,S4::01_novelty_candidate_portfolio_md,1,01_novelty_candidate_portfolio_md_document,CANONICAL_ARTIFACT_POLICY,,,,2026-08-28T20:05:44Z,Locally produced draft; independent or accountable-human verification remains governed by the phase gates.
02-feasibility/solution-viability-case.md,FEASIBILITY_GATE,true,root-integration-owner,DRAFT,1,a6eda26fee1587645663c39ab8b4de74d3b00ab223bc93fb89753e56200db4b8,01-novelty/novelty-matrix.csv|01-novelty/candidate-portfolio.md,,UNRESOLVED,codex-root,,,,PROV-c1523653d3f8,S4::02_feasibility_solution_viability_case_md,1,solution_viability_case,DOCUMENTED_EXCEPTION,,,,2026-08-28T20:05:44Z,Locally produced draft; independent or accountable-human verification remains governed by the phase gates.
02-feasibility/evidence-maturity-ladder.csv,FEASIBILITY_GATE,true,root-integration-owner,DRAFT,2,84a1e19e2ac3bcc4c430c8bab3d295c9bfe9c9eb6474afc8fb9f94eb609c4064,02-feasibility/solution-viability-case.md,,UNRESOLVED,codex-root,,,,PROV-4c5d1dfbe698,S4::02_feasibility_evidence_maturity_ladder_csv,1,evidence_maturity_ladder,DOCUMENTED_EXCEPTION,,,,2026-08-28T20:11:29Z,Schema-v4 normalized local draft; independent scientific and human gates remain open.
02-feasibility/feasibility-report.md,FEASIBILITY_GATE,true,root-integration-owner,DRAFT,1,3c724be2f93f6d83cb02e8dbb60000dd72c5465fc1a40e650b0f0979bd89b2fe,01-novelty/novelty-matrix.csv|01-novelty/candidate-portfolio.md|02-feasibility/solution-viability-case.md|02-feasibility/evidence-maturity-ladder.csv,,UNRESOLVED,codex-root,,,,PROV-bd60c9ecb815,S4::02_feasibility_feasibility_report_md,1,feasibility_report,FEASIBILITY_REQUIRED,,,,2026-08-28T20:05:44Z,Locally produced draft; independent or accountable-human verification remains governed by the phase gates.
02-feasibility/risk-register.csv,FEASIBILITY_GATE,true,root-integration-owner,DRAFT,1,79eb2ea613740e18be132e76e8a2f36d4f5d139d62092c31d7dd0f4406faa600,02-feasibility/feasibility-report.md,,UNRESOLVED,codex-root,,,,PROV-c4b2812793c5,S4::02_feasibility_risk_register_csv,1,risk_register,FEASIBILITY_REQUIRED,,,,2026-08-28T20:05:44Z,Locally produced draft; independent or accountable-human verification remains governed by the phase gates.
02-feasibility/progression-criteria.csv,FEASIBILITY_GATE,true,root-integration-owner,DRAFT,1,329c658d705e4ad1e095a28cb40b6b07cbe3ccaefd7d44410e4a3474771ea9d6,02-feasibility/feasibility-report.md|02-feasibility/risk-register.csv,,UNRESOLVED,codex-root,,,,PROV-f7f27a9487ba,S4::02_feasibility_progression_criteria_csv,1,progression_criteria,FEASIBILITY_REQUIRED,,,,2026-08-28T20:05:44Z,Locally produced draft; independent or accountable-human verification remains governed by the phase gates.
02-feasibility/pilot-plan.md,FEASIBILITY_GATE,false,root-integration-owner,DRAFT,1,69e4cc185c0d1ce327add65dd4c2fb2a6944deb424a557b7430259cb614fbef9,02-feasibility/feasibility-report.md|02-feasibility/progression-criteria.csv,,UNRESOLVED,codex-root,,,,PROV-e572056fb17f,S4::02_feasibility_pilot_plan_md,1,pilot_artifact,PILOT_REQUIRED_ONLY_AFTER_PILOT_FIRST,,,,2026-08-28T20:05:44Z,Locally produced draft; independent or accountable-human verification remains governed by the phase gates.
02-feasibility/pilot-results.md,FEASIBILITY_GATE,false,root-integration-owner,DRAFT,1,34dffdcfd872410ceee3974cb0a3a887f4991b5163744f8e41cfcde97d738989,02-feasibility/pilot-plan.md,,UNRESOLVED,codex-root,,,,PROV-356e97117b05,S4::02_feasibility_pilot_results_md,1,pilot_artifact,PILOT_REQUIRED_ONLY_AFTER_PILOT_FIRST,,,,2026-08-28T20:05:44Z,Locally produced draft; independent or accountable-human verification remains governed by the phase gates.
03-design/protocol.md,STUDY_DESIGN,true,root-integration-owner,DRAFT,1,5c925af429044ed91fea00abd4a59bb901a93690442def6bee0e3443988f3748,02-feasibility/feasibility-report.md|02-feasibility/progression-criteria.csv,,UNRESOLVED,codex-root,,,,PROV-df617e6b491e,S4::03_design_protocol_md,1,study_protocol,DESIGN_REQUIRED,,,,2026-08-28T20:05:44Z,Locally produced draft; independent or accountable-human verification remains governed by the phase gates.
03-design/analysis-plan.md,STUDY_DESIGN,true,root-integration-owner,DRAFT,1,821e8b5164d542e5aa7f5b329a0d4d6e42d6efec5b489f77792a6d28be44c802,03-design/protocol.md,,UNRESOLVED,codex-root,,,,PROV-b6a07db63bfa,S4::03_design_analysis_plan_md,1,analysis_plan,DESIGN_REQUIRED,,,,2026-08-28T20:05:44Z,Locally produced draft; independent or accountable-human verification remains governed by the phase gates.
03-design/power-or-precision.md,STUDY_DESIGN,true,root-integration-owner,DRAFT,1,7e36b6052de26d3032476edd210b6c94f557afcc034ab2fb8b95993f31a5614d,03-design/protocol.md|03-design/analysis-plan.md,,UNRESOLVED,codex-root,,,,PROV-980f599e5b55,S4::03_design_power_or_precision_md,1,power_precision,DESIGN_REQUIRED,,,,2026-08-28T20:05:44Z,Locally produced draft; independent or accountable-human verification remains governed by the phase gates.
03-design/preregistration-and-deviations.md,STUDY_DESIGN,true,root-integration-owner,DRAFT,1,ac3e66c656514cf35c956508dede822ca8a54b740ede84bf29b140fb946360f7,03-design/protocol.md|03-design/analysis-plan.md,,UNRESOLVED,codex-root,,,,PROV-b0d687dda33e,S4::03_design_preregistration_and_deviations_md,1,preregistration_deviations,DESIGN_REQUIRED,,,,2026-08-28T20:05:44Z,Locally produced draft; independent or accountable-human verification remains governed by the phase gates.
04-data/provenance-manifest.csv,AUTHORIZED_EXECUTION,true,root-integration-owner,DRAFT,1,057d4c28ce225d8977583df680470bb2db7ccaf08e6ec371bc477efc370ba89d,03-design/protocol.md|03-design/preregistration-and-deviations.md,,UNRESOLVED,codex-root,,,,PROV-b3be9f268a12,S4::04_data_provenance_manifest_csv,1,provenance_manifest,AUTHORIZATION_REQUIRED,,,,2026-08-28T20:05:44Z,Locally produced draft; independent or accountable-human verification remains governed by the phase gates.
04-data/evidence-status.csv,AUTHORIZED_EXECUTION,true,root-integration-owner,DRAFT,2,f9dca9aac6f946f719d6fd592484d1275845938b98dbd804a660097581c38e46,04-data/provenance-manifest.csv|03-design/protocol.md,,UNRESOLVED,codex-root,,,,PROV-c50bce1b0bc5,S4::04_data_evidence_status_csv,1,evidence_status,DOCUMENTED_EXCEPTION,,,,2026-08-28T20:11:29Z,Schema-v4 normalized local draft; independent scientific and human gates remain open.
05-analysis/results/exploratory-findings.csv,ANALYSIS,true,root-integration-owner,DRAFT,1,0fa10f10d6e81a61de104a25475e718c76ce2777cd8c81cda14bf8f6b79cda3f,04-data/provenance-manifest.csv,,UNRESOLVED,codex-root,,,,PROV-aaa7f391d4d6,S4::05_analysis_results_exploratory_findings_csv,1,exploratory_findings,ANALYSIS_REQUIRED,,,,2026-08-28T20:05:44Z,Locally produced draft; independent or accountable-human verification remains governed by the phase gates.
05-analysis/results/primary-results.csv,ANALYSIS,true,root-integration-owner,DRAFT,2,3ededd738444e87dca22792f52b4251176b445f8c789d521595b5e57e51d6b02,04-data/provenance-manifest.csv|04-data/evidence-status.csv|03-design/analysis-plan.md,,UNRESOLVED,codex-root,,,,PROV-8e2d5037b472,S4::05_analysis_results_primary_results_csv,1,primary_results,PRIMARY_RESULTS_REQUIRED,,,,2026-08-28T20:11:29Z,Schema-v4 normalized local draft; independent scientific and human gates remain open.
05-analysis/results/robustness-and-boundaries.csv,ANALYSIS,true,root-integration-owner,DRAFT,1,f2d635a02d591c3f856ea80f99cba9658b57309ae05a3f2ffc95dbec5abe877b,05-analysis/results/primary-results.csv,,UNRESOLVED,codex-root,,,,PROV-ab98f0096e1e,S4::05_analysis_results_robustness_and_boundaries_csv,1,robustness_boundaries,ANALYSIS_REQUIRED,,,,2026-08-28T20:05:45Z,Locally produced draft; independent or accountable-human verification remains governed by the phase gates.
05-analysis/results/negative-findings.csv,ANALYSIS,true,root-integration-owner,DRAFT,1,cb71a0b9352003e7e4ee620b5adbfc83476da0419d17f6b4795611b52a6ae866,05-analysis/results/primary-results.csv,,UNRESOLVED,codex-root,,,,PROV-4c6ef51846c9,S4::05_analysis_results_negative_findings_csv,1,negative_findings,ANALYSIS_REQUIRED,,,,2026-08-28T20:05:45Z,Locally produced draft; independent or accountable-human verification remains governed by the phase gates.
05-analysis/external-validation/protocol.md,ANALYSIS,true,root-integration-owner,DRAFT,1,6069d55a806118029423dfad9b79787307e2f97f1878aba3c4125280536db774,03-design/protocol.md|05-analysis/results/primary-results.csv,,UNRESOLVED,codex-root,,,,PROV-c171fde3911c,S4::05_analysis_external_validation_protocol_md,1,external_validation,EXTERNAL_VALIDATION_SCOPE,,,,2026-08-28T20:05:45Z,Locally produced draft; independent or accountable-human verification remains governed by the phase gates.
05-analysis/external-validation/results.csv,ANALYSIS,true,root-integration-owner,DRAFT,1,887c9e4cafeadda333bf39a27e3fc04348d05126ccde02ed44ae641deb55a4d5,05-analysis/external-validation/protocol.md|04-data/provenance-manifest.csv,,UNRESOLVED,codex-root,,,,PROV-a29bbc26087e,S4::05_analysis_external_validation_results_csv,1,external_validation,EXTERNAL_VALIDATION_SCOPE,,,,2026-08-28T20:05:45Z,Locally produced draft; independent or accountable-human verification remains governed by the phase gates.
05-analysis/external-validation/real-world-validation-report.md,ANALYSIS,true,root-integration-owner,DRAFT,1,1bc80b5f343996f47884d306f6e5d204e3e72fe097e89eb92d168587cbbf46b4,05-analysis/external-validation/results.csv|05-analysis/results/robustness-and-boundaries.csv,,UNRESOLVED,codex-root,,,,PROV-f57687821ce2,S4::05_analysis_external_validation_real_world_validation_report_md,1,external_validation,EXTERNAL_VALIDATION_SCOPE,,,,2026-08-28T20:05:45Z,Locally produced draft; independent or accountable-human verification remains governed by the phase gates.
05-analysis/external-validation/challenge.md,ANALYSIS,true,root-integration-owner,DRAFT,1,cf396f6318a8877430dd36651f28c3d5a4ea169d36b47fb2e2fdcb5f467d8e62,05-analysis/external-validation/real-world-validation-report.md,,UNRESOLVED,codex-root,,,,PROV-730f7e19e7ea,S4::05_analysis_external_validation_challenge_md,1,external_validation_challenge,EXTERNAL_VALIDATION_SCOPE,,,,2026-08-28T20:05:45Z,Locally produced draft; independent or accountable-human verification remains governed by the phase gates.
05-analysis/reproducibility-report.md,ANALYSIS,true,root-integration-owner,DRAFT,1,50e314663341833616616afeafc8ab86036f2a539c652e3d7786486e8e405914,03-design/analysis-plan.md|04-data/provenance-manifest.csv|05-analysis/results/exploratory-findings.csv|05-analysis/results/primary-results.csv|05-analysis/external-validation/challenge.md,,UNRESOLVED,codex-root,,,,PROV-7a84803915b6,S4::05_analysis_reproducibility_report_md,1,reproducibility_report,ANALYSIS_REQUIRED,,,,2026-08-28T20:05:45Z,Locally produced draft; independent or accountable-human verification remains governed by the phase gates.
06-visuals/tables/t2-proposed-vs-baselines.csv,ANALYSIS,true,root-integration-owner,DRAFT,1,2bef11441a2a5308e4036e2a49bd8c934dabe9facdab3945f1aa13d230b286bd,01-novelty/novelty-matrix.csv|05-analysis/results/primary-results.csv,,UNRESOLVED,codex-root,,,,PROV-d97a9adbf64c,S4::06_visuals_tables_t2_proposed_vs_baselines_csv,1,comparison_table,ANALYSIS_REQUIRED,,,,2026-08-28T20:05:45Z,Locally produced draft; independent or accountable-human verification remains governed by the phase gates.
06-visuals/tables/t3-data-or-conditions.csv,ANALYSIS,true,root-integration-owner,DRAFT,1,743780a9cb11898111d1668cf2f88a4194ffc402084445fc114281e13b39443b,04-data/provenance-manifest.csv,,UNRESOLVED,codex-root,,,,PROV-777e3f27d486,S4::06_visuals_tables_t3_data_or_conditions_csv,1,data_conditions_table,ANALYSIS_REQUIRED,,,,2026-08-28T20:05:45Z,Locally produced draft; independent or accountable-human verification remains governed by the phase gates.
06-visuals/tables/t5-ablation-or-mechanism.csv,ANALYSIS,false,root-integration-owner,DRAFT,1,ad871542ac8e690f7963f1e9d436a3f110d9bf98a4810ca5fe8d1dd110d7aa39,05-analysis/results/primary-results.csv,,UNRESOLVED,codex-root,,,,PROV-6bbbb05a9fcb,S4::06_visuals_tables_t5_ablation_or_mechanism_csv,1,ablation_table,DOCUMENTED_EXCEPTION,,,,2026-08-28T20:05:45Z,Locally produced draft; independent or accountable-human verification remains governed by the phase gates.
06-visuals/tables/t7-real-world-feasibility.csv,ANALYSIS,true,root-integration-owner,DRAFT,1,8e5289225ba9fc4c8e0c01bb0b6928f9d4951e253742f719860d5446b17552bb,02-feasibility/feasibility-report.md|05-analysis/results/primary-results.csv|05-analysis/external-validation/real-world-validation-report.md,,UNRESOLVED,codex-root,,,,PROV-af9dffa4dba1,S4::06_visuals_tables_t7_real_world_feasibility_csv,1,real_world_feasibility_table,ANALYSIS_REQUIRED,,,,2026-08-28T20:05:45Z,Locally produced draft; independent or accountable-human verification remains governed by the phase gates.
06-visuals/visual-ledger.csv,MANUSCRIPT,true,root-integration-owner,DRAFT,1,78fa50713ca471297717e1d80e48671908312a2c32c292dba9dfeb7b3bd83bb2,05-analysis/results/primary-results.csv,,UNRESOLVED,codex-root,,,,PROV-38ec4960bd94,S4::06_visuals_visual_ledger_csv,1,visual_ledger,MANUSCRIPT_REQUIRED,,,,2026-08-28T20:05:45Z,Locally produced draft; independent or accountable-human verification remains governed by the phase gates.
06-visuals/figures/figure-manifest.csv,MANUSCRIPT,true,root-integration-owner,DRAFT,1,f737938a708ad1da44c97180ca48231a909af18aea6c7b67b26fd46e41be70bd,05-analysis/results/primary-results.csv|06-visuals/visual-ledger.csv,,UNRESOLVED,codex-root,,,,PROV-a2d2d071d160,S4::06_visuals_figures_figure_manifest_csv,1,figure_manifest,MANUSCRIPT_REQUIRED,,,,2026-08-28T20:05:45Z,Locally produced draft; independent or accountable-human verification remains governed by the phase gates.
06-visuals/diagrams/architecture.mmd,MANUSCRIPT,true,root-integration-owner,DRAFT,1,78142d55c6923e54157c34604eadeffa1ad927e874e8f08edf2c8fe73a3fed67,01-novelty/causal-model.mmd|03-design/protocol.md,,UNRESOLVED,codex-root,,,,PROV-4c10e71e808c,S4::06_visuals_diagrams_architecture_mmd,1,architecture_diagram,MANUSCRIPT_REQUIRED,,,,2026-08-28T20:05:45Z,Locally produced draft; independent or accountable-human verification remains governed by the phase gates.
06-visuals/diagrams/workflow.mmd,MANUSCRIPT,true,root-integration-owner,DRAFT,1,2caed0f948db384a4e2e9882a493e93ec631e882615e5e7cb1a5a1373ccd9c85,03-design/protocol.md|04-data/provenance-manifest.csv,,UNRESOLVED,codex-root,,,,PROV-9dba1c7bf2d1,S4::06_visuals_diagrams_workflow_mmd,1,workflow_diagram,MANUSCRIPT_REQUIRED,,,,2026-08-28T20:05:46Z,Locally produced draft; independent or accountable-human verification remains governed by the phase gates.
06-visuals/schematics/conceptual-schematic-source.md,MANUSCRIPT,false,root-integration-owner,DRAFT,1,36bff77fd8af3dfbde9cba7c2ad72646622f4ebe6f953a4faa1053e171248c48,01-novelty/causal-model.mmd,,UNRESOLVED,codex-root,,,,PROV-b01746938289,S4::06_visuals_schematics_conceptual_schematic_source_md,1,conceptual_schematic,DOCUMENTED_EXCEPTION,,,,2026-08-28T20:05:46Z,Locally produced draft; independent or accountable-human verification remains governed by the phase gates.
06-visuals/images/image-provenance.csv,MANUSCRIPT,false,root-integration-owner,DRAFT,1,67aad4e827f88b89f4573e8a5db394e5d2410ad4588167ee49a838f20005a1f0,06-visuals/visual-ledger.csv,,UNRESOLVED,codex-root,,,,PROV-e9344492a207,S4::06_visuals_images_image_provenance_csv,1,image_provenance,NO_IMAGES_NO_PROVENANCE,,,,2026-08-28T20:05:46Z,Locally produced draft; independent or accountable-human verification remains governed by the phase gates.
07-manuscript/manuscript.md,MANUSCRIPT,true,root-integration-owner,DRAFT,1,5b2ecfcde43b280036ad2a7af006cf89a1ca87229f23623b2185addad27c34ed,01-novelty/novelty-matrix.csv|03-design/protocol.md|05-analysis/results/primary-results.csv,,UNRESOLVED,codex-root,,,,PROV-6a889697a06c,S4::07_manuscript_manuscript_md,1,manuscript,MANUSCRIPT_REQUIRED,,,,2026-08-28T20:05:46Z,Locally produced draft; independent or accountable-human verification remains governed by the phase gates.
07-manuscript/claim-evidence-matrix.csv,MANUSCRIPT,true,root-integration-owner,DRAFT,2,c63b0ee126e9901980ae73f9f93b64019980d727049bd37f510477ca644e156d,01-novelty/evidence-ledger.csv|05-analysis/results/primary-results.csv|07-manuscript/manuscript.md,,UNRESOLVED,codex-root,,,,PROV-2bd40fdf007b,S4::07_manuscript_claim_evidence_matrix_csv,1,claim_evidence_matrix,CLAIM_LINK_REQUIRED,,,,2026-08-28T20:11:29Z,Schema-v4 normalized local draft; independent scientific and human gates remain open.
07-manuscript/source-manifest.json,MANUSCRIPT,true,root-integration-owner,DRAFT,3,1481d787eb82be51d28e7be3abdbc810e452a366885e4ae914f77d80205936b8,01-novelty/evidence-ledger.csv|07-manuscript/manuscript.md,,UNRESOLVED,codex-root,,,,PROV-1e9f04f00e28,S4::07_manuscript_source_manifest_json,1,source_manifest,MANUSCRIPT_REQUIRED,,,,2026-08-28T20:12:56Z,Final local replay revision; independent/human finality remains open.
08-validation/reviews/editor.md,ADVERSARIAL_QA,true,root-integration-owner,DRAFT,1,3a4a1d85df06a3336fbd6d2e470e23efa48eb3e65ad4688d2e6b7d5d5ba21399,07-manuscript/manuscript.md|07-manuscript/claim-evidence-matrix.csv,,UNRESOLVED,codex-root,,,,PROV-6032e8158f35,S4::08_validation_reviews_editor_md,1,editor_review,ADVERSARIAL_QA_REQUIRED,,,,2026-08-28T20:05:46Z,Locally produced draft; independent or accountable-human verification remains governed by the phase gates.
08-validation/reviews/novelty-domain.md,ADVERSARIAL_QA,true,root-integration-owner,DRAFT,1,65903de83d5faa4e3b182d1d4df1a313f10040cd4f38564524969799e7caba1e,01-novelty/novelty-matrix.csv|07-manuscript/manuscript.md,,UNRESOLVED,codex-root,,,,PROV-bcea77f13560,S4::08_validation_reviews_novelty_domain_md,1,novelty_domain_review,ADVERSARIAL_QA_REQUIRED,,,,2026-08-28T20:05:46Z,Locally produced draft; independent or accountable-human verification remains governed by the phase gates.
08-validation/reviews/methods-statistics.md,ADVERSARIAL_QA,true,root-integration-owner,DRAFT,1,9337005f35dbd36ad2d554563a301358805ff0c0593081dfe584c59a4210acaf,03-design/protocol.md|03-design/analysis-plan.md|05-analysis/results/primary-results.csv|07-manuscript/manuscript.md,,UNRESOLVED,codex-root,,,,PROV-b615c8aa221b,S4::08_validation_reviews_methods_statistics_md,1,methods_statistics_review,ADVERSARIAL_QA_REQUIRED,,,,2026-08-28T20:05:46Z,Locally produced draft; independent or accountable-human verification remains governed by the phase gates.
08-validation/reviews/real-world-ethics.md,ADVERSARIAL_QA,true,root-integration-owner,DRAFT,1,7136e88fe3bc685f11cff634952df730dc356cdab2dc8717f9a315da21073266,02-feasibility/feasibility-report.md|06-visuals/tables/t7-real-world-feasibility.csv|07-manuscript/manuscript.md,,UNRESOLVED,codex-root,,,,PROV-5223f3dd2cd9,S4::08_validation_reviews_real_world_ethics_md,1,real_world_ethics_review,ADVERSARIAL_QA_REQUIRED,,,,2026-08-28T20:05:46Z,Locally produced draft; independent or accountable-human verification remains governed by the phase gates.
08-validation/reviews/visual-reproducibility.md,ADVERSARIAL_QA,true,root-integration-owner,DRAFT,1,704baf0ef88e2ba90743361e277b27b2c412edee992b94c0f5b3499948a36b48,04-data/provenance-manifest.csv|06-visuals/visual-ledger.csv|07-manuscript/manuscript.md,,UNRESOLVED,codex-root,,,,PROV-a6f78d65d049,S4::08_validation_reviews_visual_reproducibility_md,1,visual_reproducibility_review,ADVERSARIAL_QA_REQUIRED,,,,2026-08-28T20:05:46Z,Locally produced draft; independent or accountable-human verification remains governed by the phase gates.
08-validation/reviews/clarity-coherence.md,ADVERSARIAL_QA,true,root-integration-owner,DRAFT,1,05df6e4de1beffd788e5cf4ac75b1b55dbfb30f4cb5e18e6124ae6dd3a732120,07-manuscript/manuscript.md|06-visuals/visual-ledger.csv,,UNRESOLVED,codex-root,,,,PROV-ba6dab2045bb,S4::08_validation_reviews_clarity_coherence_md,1,clarity_coherence_review,ADVERSARIAL_QA_REQUIRED,,,,2026-08-28T20:05:46Z,Locally produced draft; independent or accountable-human verification remains governed by the phase gates.
08-validation/postdoctoral-standards-audit.md,ADVERSARIAL_QA,true,root-integration-owner,DRAFT,1,48b423587c94777ddd7129a85c7f76c97ff120f898f238a6301258a2bd5a95bc,07-manuscript/manuscript.md|07-manuscript/claim-evidence-matrix.csv|06-visuals/visual-ledger.csv|08-validation/reviews/editor.md|08-validation/reviews/methods-statistics.md,,UNRESOLVED,codex-root,,,,PROV-028c4aca4592,S4::08_validation_postdoctoral_standards_audit_md,1,postdoctoral_audit,AUDIT_REQUIRED,,,,2026-08-28T20:05:46Z,Locally produced draft; independent or accountable-human verification remains governed by the phase gates.
08-validation/killer-question-ledger.csv,ADVERSARIAL_QA,true,root-integration-owner,DRAFT,2,3aac61652a636ac178928a8217e8da43c0cc100dcfedde1e7c500de26ffbdf93,08-validation/reviews/editor.md|08-validation/reviews/novelty-domain.md|08-validation/reviews/methods-statistics.md|08-validation/reviews/real-world-ethics.md|08-validation/reviews/visual-reproducibility.md|08-validation/reviews/clarity-coherence.md|08-validation/postdoctoral-standards-audit.md,,UNRESOLVED,codex-root,,,,PROV-7fc1dc3d3aae,S4::08_validation_killer_question_ledger_csv,1,killer_question_ledger,KILLER_QUESTIONS_REQUIRED,,,,2026-08-28T20:11:29Z,Schema-v4 normalized local draft; independent scientific and human gates remain open.
08-validation/remediation-log.csv,ADVERSARIAL_QA,true,root-integration-owner,DRAFT,1,c5493cefda554646c1cc65525545ce766f4041de13ef629719d34b7897443a7c,08-validation/killer-question-ledger.csv,,UNRESOLVED,codex-root,,,,PROV-a4245bb295ec,S4::08_validation_remediation_log_csv,1,remediation_log,ADVERSARIAL_QA_REQUIRED,,,,2026-08-28T20:05:46Z,Locally produced draft; independent or accountable-human verification remains governed by the phase gates.
09-submission/venue-portfolio.csv,SUBMISSION_QA,true,root-integration-owner,DRAFT,2,a0fd1dc53dbb4509245985539b49636b2adcd547f7d435479e811c2b571c0c4b,07-manuscript/manuscript.md|08-validation/killer-question-ledger.csv,,UNRESOLVED,codex-root,,,,PROV-b5e5654536d6,S4::09_submission_venue_portfolio_csv,1,venue_portfolio,VENUE_PORTFOLIO_REQUIRED,,,,2026-08-28T20:11:29Z,Schema-v4 normalized local draft; independent scientific and human gates remain open.
09-submission/venue-rules.md,SUBMISSION_QA,true,root-integration-owner,DRAFT,1,484f878b5d8c972c8ea2794ec05eb01e993e1665385519a183ebab5eafe3ca46,07-manuscript/manuscript.md|09-submission/venue-portfolio.csv,,UNRESOLVED,codex-root,,,,PROV-9efb9314ded5,S4::09_submission_venue_rules_md,1,venue_rules,SUBMISSION_REQUIRED,,,,2026-08-28T20:05:47Z,Locally produced draft; independent or accountable-human verification remains governed by the phase gates.
09-submission/reporting-checklist.md,SUBMISSION_QA,true,root-integration-owner,DRAFT,1,f75a5c10a21cb3d53e3cc01d9fc2a344bc8ffd140d648c9651450c0878fbc283,09-submission/venue-rules.md|07-manuscript/manuscript.md,,UNRESOLVED,codex-root,,,,PROV-44a3f4c103e9,S4::09_submission_reporting_checklist_md,1,reporting_checklist,SUBMISSION_REQUIRED,,,,2026-08-28T20:05:47Z,Locally produced draft; independent or accountable-human verification remains governed by the phase gates.
09-submission/submission-audit.md,SUBMISSION_QA,true,root-integration-owner,DRAFT,1,063df3fa3431cdb016b9107999c979718cd50665ff94a58e91102bf101a5ab93,09-submission/venue-rules.md|09-submission/reporting-checklist.md|08-validation/remediation-log.csv,,UNRESOLVED,codex-root,,,,PROV-b8df27302499,S4::09_submission_submission_audit_md,1,submission_audit,SUBMISSION_REQUIRED,,,,2026-08-28T20:05:47Z,Locally produced draft; independent or accountable-human verification remains governed by the phase gates.
09-submission/submission-gate-ledger.csv,SUBMISSION_QA,true,root-integration-owner,MISSING,2,,09-submission/submission-audit.md|09-submission/venue-rules.md|09-submission/reporting-checklist.md,,UNRESOLVED,codex-root,,,,PROV-e3b70127f2ff,S4::09_submission_submission_gate_ledger_csv,1,submission_gate_ledger,SUBMISSION_REQUIRED,,,,2026-08-28T20:10:55Z,"Canonical schema-v4 final artifact intentionally absent because hermetic build, human rendered-page review, or final submission-gate evidence is not available; local draft/mechanical sidecar retained separately."
09-submission/novelty-refresh.md,SUBMISSION_QA,true,root-integration-owner,DRAFT,1,02a76a718d6d96e7342fb87fe84fd9d4eb51b1d11b20f58737811bdcd5790a88,01-novelty/search-protocol.md|01-novelty/search-coverage.csv|01-novelty/novelty-matrix.csv|07-manuscript/manuscript.md,,UNRESOLVED,codex-root,,,,PROV-76da95859b03,S4::09_submission_novelty_refresh_md,1,novelty_refresh,SUBMISSION_REQUIRED,,,,2026-08-28T20:05:47Z,Locally produced draft; independent or accountable-human verification remains governed by the phase gates.
09-submission/acceptance-readiness.md,SUBMISSION_QA,true,root-integration-owner,DRAFT,1,60a9b4a484f97d57a683b8be7c7e6b646c34ad6ec661a79e10a84c65f87317dd,09-submission/venue-portfolio.csv|09-submission/venue-rules.md|09-submission/submission-audit.md|09-submission/submission-gate-ledger.csv|09-submission/novelty-refresh.md|08-validation/postdoctoral-standards-audit.md,,UNRESOLVED,codex-root,,,,PROV-41365a14b24f,S4::09_submission_acceptance_readiness_md,1,acceptance_readiness,READINESS_REQUIRED,,,,2026-08-28T20:05:47Z,Locally produced draft; independent or accountable-human verification remains governed by the phase gates.
09-submission/acceptance-forecast.csv,SUBMISSION_QA,false,root-integration-owner,DRAFT,1,9d67f6946d1e384e6513fae66a6014ff3d4c62d2700a1782a8127c6f813c9f0d,09-submission/venue-portfolio.csv|09-submission/acceptance-readiness.md,,UNRESOLVED,codex-root,,,,PROV-57062ba84511,S4::09_submission_acceptance_forecast_csv,1,acceptance_forecast,FORECAST_ONLY_WHEN_ESTIMABLE,,,,2026-08-28T20:05:47Z,Locally produced draft; independent or accountable-human verification remains governed by the phase gates.
09-submission/build-manifest.json,SUBMISSION_QA,false,root-integration-owner,MISSING,2,,07-manuscript/source-manifest.json|09-submission/venue-rules.md,,UNRESOLVED,codex-root,,,,PROV-d3ec212ca35b,S4::09_submission_build_manifest_json,1,submission_build_manifest,BUILD_REQUIRED_FOR_REPRODUCIBLE_SUBMISSION,,,,2026-08-28T20:10:54Z,"Canonical schema-v4 final artifact intentionally absent because hermetic build, human rendered-page review, or final submission-gate evidence is not available; local draft/mechanical sidecar retained separately."
09-submission/environment-capture.json,SUBMISSION_QA,false,root-integration-owner,DRAFT,3,0ea66ce259828f9c43d3ad5f9d7852b562cc31088b9a7053793f617b9ac97a67,09-submission/build-manifest.json,,UNRESOLVED,codex-root,,,,PROV-f9dded487e08,S4::09_submission_environment_capture_json,1,environment_capture,ENVIRONMENT_REQUIRED_FOR_REPRODUCIBLE_SUBMISSION,,,,2026-08-28T20:12:56Z,Final local replay revision; independent/human finality remains open.
09-submission/analysis-replay-report.md,SUBMISSION_QA,false,root-integration-owner,DRAFT,2,7d373d840250d46f91841fa997a873200702ad9febe56d86b24c3f93d09e7814,05-analysis/reproducibility-report.md|09-submission/build-manifest.json,,UNRESOLVED,codex-root,,,,PROV-87331d4d1a22,S4::09_submission_analysis_replay_report_md,1,analysis_replay_report,REPLAY_REQUIRED_FOR_REPRODUCIBLE_SUBMISSION,,,,2026-08-28T20:11:30Z,Schema-v4 normalized local draft; independent scientific and human gates remain open.
09-submission/pdf-qa.json,SUBMISSION_QA,false,root-integration-owner,MISSING,2,,09-submission/build-manifest.json|09-submission/submission-audit.md,,UNRESOLVED,codex-root,,,,PROV-46a375e93ee9,S4::09_submission_pdf_qa_json,1,pdf_qa,PDF_QA_REQUIRED_WHEN_PDF_SUBMITTED,,,,2026-08-28T20:10:54Z,"Canonical schema-v4 final artifact intentionally absent because hermetic build, human rendered-page review, or final submission-gate evidence is not available; local draft/mechanical sidecar retained separately."
09-submission/package-manifest.json,SUBMISSION_QA,false,root-integration-owner,DRAFT,3,3bd382131ea5118dae776525bda46cff63cb336fa5b824799c6c83dea2893077,09-submission/build-manifest.json|09-submission/pdf-qa.json,,UNRESOLVED,codex-root,,,,PROV-71644dae972a,S4::09_submission_package_manifest_json,1,package_manifest,PACKAGE_MANIFEST_REQUIRED,,,,2026-08-28T20:12:56Z,Final local replay revision; independent/human finality remains open.
09-submission/human-approval.md,HUMAN_APPROVAL,true,root-integration-owner,DRAFT,1,154fe9fefff4ab7234368dadb76fe38914d6441f9e731e3600cf83424b75cbaa,09-submission/submission-audit.md|09-submission/acceptance-readiness.md,,UNRESOLVED,codex-root,,,,PROV-e86dd37564ac,S4::09_submission_human_approval_md,1,human_approval,HUMAN_AUTHORITY_REQUIRED,,,,2026-08-28T20:05:47Z,Locally produced draft; independent or accountable-human verification remains governed by the phase gates.
