case_id,source_file,sha256,status,strict_snapshot_closed,provider_families
ca2-00003c2c7afe8e9ef32d,ca2-00003c2c7afe8e9ef32d.json,f3fa7bad89b12cc2cfb1255ef347a02b1ac250d343428c998308dad638b54cb4,VERIFIED,True,alchemy|infura
ca2-001b14467ef9b84b416a,ca2-001b14467ef9b84b416a.json,6e3d7d53ea89ea169bba424eed75cf6eb8e8b287b16af2c1fda2b301be7318b4,VERIFIED,True,alchemy|infura
ca2-003bb3e01f9c7c13410b,ca2-003bb3e01f9c7c13410b.json,07d0ecd430be2ff1e31dca248933cc10212feb5dc236936ec92a779b1d58846e,VERIFIED,True,alchemy|infura
ca2-0062515827b6285930f2,ca2-0062515827b6285930f2.json,2dc0cdf61e3fa90a9982854e6f746fef35dfd45d8f3872ae5666f8330f7008f8,VERIFIED,True,alchemy|infura
ca2-0064b472336ec4210007,ca2-0064b472336ec4210007.json,a1132612d6ae2f6640163040f01d0fc93f9a7c98093f708da89014b28b3f5bc2,VERIFIED,True,alchemy|infura
ca2-0119280f82385cf56670,ca2-0119280f82385cf56670.json,341bb8d2ef0510a939899a81fc319e066a103e778a0afdd9517b2c490d4e5501,VERIFIED,True,alchemy|infura
ca2-01398b37f50bcbb8adc6,ca2-01398b37f50bcbb8adc6.json,099d08bc9540e9d03363eb1b7b3fa22185c629123b8c30b94e4362cd39323c50,VERIFIED,True,alchemy|infura
ca2-0214cb74200856148943,ca2-0214cb74200856148943.json,273b59f94192df3268d906472642893f529707b719c55439435baa43c5ab2772,VERIFIED,True,alchemy|infura
ca2-024816e85dcbd941c181,ca2-024816e85dcbd941c181.json,5a482ff9306a0603c12a0d35a7bcfa344382fd8fdc446ea5757e12213820736f,VERIFIED,True,alchemy|infura
ca2-02e1298629b75e4dec93,ca2-02e1298629b75e4dec93.json,8ffc37604fc949f3779a3334aa58164e9a0d20d78536b215f926b58d68be59d6,VERIFIED,True,alchemy|infura
ca2-03a929a60d6ca387d4bb,ca2-03a929a60d6ca387d4bb.json,f0035ee657812a0ff8aee5420461ba86beede8a3e20a42624484c70870387dc2,VERIFIED,True,alchemy|infura
ca2-0583d91c7785bb31ad8f,ca2-0583d91c7785bb31ad8f.json,d07326bd7b24708b4d7c601ab86863c214e78b6bd9a55ffb3e5879bf41505da1,VERIFIED,True,alchemy|infura
ca2-0687f6e05dc58457935a,ca2-0687f6e05dc58457935a.json,6e287f12a7f6bd7158c69370591fba44666883a3a0ffe87b66f4a5a820d5c0ae,VERIFIED,True,alchemy|infura
ca2-0973b5638247f1875b62,ca2-0973b5638247f1875b62.json,bbb8656fbbfe447fc14b5526134d8ec7702e35b5aa1f8fa2e3103d056e725a77,VERIFIED,True,alchemy|infura
ca2-0998fb22a8fcd705afbc,ca2-0998fb22a8fcd705afbc.json,56f0b2288090ea512f0d59c9911630c9b60c84d542443182b7ea0f0ccb10718f,VERIFIED,True,alchemy|infura
ca2-0a80356999aee511c6c7,ca2-0a80356999aee511c6c7.json,a4db773ead134de32c33b35f6c3cfb63a21ec7e22e21d1883abf623fc685a76c,VERIFIED,True,alchemy|infura
ca2-0aa20008e0303e8a5201,ca2-0aa20008e0303e8a5201.json,f3527d838568d47ab0489ea8b3af83f1e4e216fb3b1d98c9693ff267a7d8a35d,VERIFIED,True,alchemy|infura
ca2-0bc1321f2d440dbae4b1,ca2-0bc1321f2d440dbae4b1.json,0e23d875d5975b61311c2da705ea6ba2ff6e23277e48b51372ffe157d83bc77b,VERIFIED,True,alchemy|infura
ca2-0bd28c93ecf3fec1d833,ca2-0bd28c93ecf3fec1d833.json,63be2bec9e97549eb02fd1524ab941a05f5cc38867662b2fc2ae1818aecdeed9,VERIFIED,True,alchemy|infura
ca2-0d308a16f604ed495788,ca2-0d308a16f604ed495788.json,3e86056d1e54d752654c6b97a06898d934e468960f772db52c049fdd6bd0f57b,VERIFIED,True,alchemy|infura
ca2-0d94b0dee68d0b41352e,ca2-0d94b0dee68d0b41352e.json,5127775b5bc92371dd39a6e0eff41118bc2ad4e86202e150fbdf173b424dd297,VERIFIED,True,alchemy|infura
ca2-0e06e67c5c9253228751,ca2-0e06e67c5c9253228751.json,323ebba4c7fd161fafef4f6e15656a96f6fe517f66de76055b4b69d10f3d498b,VERIFIED,True,alchemy|infura
ca2-0f2e70bb64b6ee9426eb,ca2-0f2e70bb64b6ee9426eb.json,655663258684acaf9d9e5bc2233a541b10212bc8ce3d123b552d3d8e98a2829b,VERIFIED,True,alchemy|infura
ca2-0fab25d3b5b764c482c5,ca2-0fab25d3b5b764c482c5.json,7f9478fe482f4e939e926b4d4e56cf087f79e5d9c709ddb1be6aa5269f371c40,VERIFIED,True,alchemy|infura
ca2-0fd406d4a5d581dc9171,ca2-0fd406d4a5d581dc9171.json,3281809ebf07bb8af3c907426202074fb38ccac6b33cb4332450a4104c26f6a0,VERIFIED,True,alchemy|infura
ca2-10135a96af2e104eb4a4,ca2-10135a96af2e104eb4a4.json,560303c2f34b5065c426a2c6bf480d23e18dccff851b72f6d3d0fae6e7489393,VERIFIED,True,alchemy|infura
ca2-1110a2625b12e4b110c0,ca2-1110a2625b12e4b110c0.json,85400b0fc72bbd9577d1699691dac206938e776849a64b781f091a42cfe9a4cd,VERIFIED,True,alchemy|infura
ca2-11258a259a94c2ae2ec5,ca2-11258a259a94c2ae2ec5.json,8effe7774af5017c3faf36b46528b6bf80ba0d2fb2db90a0a29c74ec56e3e2b1,VERIFIED,True,alchemy|infura
ca2-11635f2908fcc175e7c9,ca2-11635f2908fcc175e7c9.json,7b0cdb66d2438252b6fe74016f1babc0e0a3e8a228e2c06498785785ace6b807,VERIFIED,True,alchemy|infura
ca2-122f147da75159901ea0,ca2-122f147da75159901ea0.json,0f36ab23d094b574b7903ab05b9a9720731e93c06c6088dba0dc1d5a5bf2adf8,VERIFIED,True,alchemy|infura
ca2-12f0d5e40474ef0de502,ca2-12f0d5e40474ef0de502.json,a5afe5854f84763894c11e7eb4fdc81b1def86eaab9f30990f6abb047d3160c9,VERIFIED,True,alchemy|infura
ca2-14b9ffae56e7c9bfb04e,ca2-14b9ffae56e7c9bfb04e.json,8877bbee6f5a0f55c510e84a7ed0cb827f1d04f956803e0d3bc64d3f3012b2e4,VERIFIED,True,alchemy|infura
ca2-14bd5d42e2f704e2cc65,ca2-14bd5d42e2f704e2cc65.json,2e417d8d883f33a5476d331907ec6bcea5daf42b6857e52dd75a5130dc4bb1e6,VERIFIED,True,alchemy|infura
ca2-14f7f1899d2468d3cabf,ca2-14f7f1899d2468d3cabf.json,06b55577fa9c6bb8e798e03fa40d2ddcbf8a46f1a957ba353fde0b2f944b461d,VERIFIED,True,alchemy|infura
ca2-1579de76f9bed10399a7,ca2-1579de76f9bed10399a7.json,ee87523f5067a58ee6cb3b973386457373afea7f66178b8d34d562564ef8248f,VERIFIED,True,alchemy|infura
ca2-15ae4c22b54f390dc4fe,ca2-15ae4c22b54f390dc4fe.json,1b9e33a71d8b338598bde4c78a657b1f11dc8e8dff8be090eb5bddced99d9375,VERIFIED,True,alchemy|infura
ca2-170efb900eb90211eaa2,ca2-170efb900eb90211eaa2.json,85f519667e5ade1c418670c656b40ce94899644ff38e69b0bbbf863e96d81026,VERIFIED,True,alchemy|infura
ca2-17240c1cdca17b758810,ca2-17240c1cdca17b758810.json,243255dcecade392feb19b8c300a02a78d8522c0a41d27920fe7ca01cfe307b6,VERIFIED,True,alchemy|infura
ca2-1769b603523b156d5e27,ca2-1769b603523b156d5e27.json,c420b4727bca36d50b5ccea644a44a5fed5958d58fb39af7d723f20bf8136689,VERIFIED,True,alchemy|infura
ca2-194c50c55dd95140a294,ca2-194c50c55dd95140a294.json,f4d1aa5ccfddcaec466232c04c04fe79a864052dfef8a41517ada905bd321d13,VERIFIED,True,alchemy|infura
ca2-196bde1bc084a841e794,ca2-196bde1bc084a841e794.json,de8bca3c0e3b04bf79bb2adaef9c254c4eb72aa26ae18ff2da786b784257fe81,VERIFIED,True,alchemy|infura
ca2-1a73db8dcf62dc8e4419,ca2-1a73db8dcf62dc8e4419.json,a5348cda7998a380e722f5955ce72042fa4aab00d333aa08a8c2a3295d272143,VERIFIED,True,alchemy|infura
ca2-1bee07e4cd2ee7c6892c,ca2-1bee07e4cd2ee7c6892c.json,ca2c4aec387d4b147b86856c0242e0390db96924b0951b3c87432b60459a6664,VERIFIED,True,alchemy|infura
ca2-1dbdc2611cd24dc765b2,ca2-1dbdc2611cd24dc765b2.json,cc4d4a628612c21a98c09cdad064751944c1b1716e2a02b3ac7966cfe432ea65,VERIFIED,True,alchemy|infura
ca2-1fe777829f28c3e02e1c,ca2-1fe777829f28c3e02e1c.json,4c1fdd437ea7bb21a09420c6bc7c3f9f5a072d1ad3d6f07791b69a64ee52977e,VERIFIED,True,alchemy|infura
ca2-21ac1c8056ff7df162a8,ca2-21ac1c8056ff7df162a8.json,0caa823e42bb0efad5d313a9b7403600d53a5498e1da144de0ee3cda2b140c8f,VERIFIED,True,alchemy|infura
ca2-21e1af0751214952c72b,ca2-21e1af0751214952c72b.json,d53195ae1c1953a688d6d0b899c04dbf1225bcddf2d790c0cef357dac8c29159,VERIFIED,True,alchemy|infura
ca2-220124d062a8c71c63c5,ca2-220124d062a8c71c63c5.json,d744aab94fb8a79fb0b64d554e983eed0a12488721c428a308d1bbdb74d1939d,VERIFIED,True,alchemy|infura
ca2-22667ec3b73bf4e3f29e,ca2-22667ec3b73bf4e3f29e.json,79b75d1d796a67349e70d1e59d65a1334d8d0117c0bc96da37ee53ce54f73236,VERIFIED,True,alchemy|infura
ca2-22ca428502dddf9f2871,ca2-22ca428502dddf9f2871.json,8dbd1f67597d40ff84be22e0a38f22df98d97ee6bfe87fb5a46c1e167900cfa2,VERIFIED,True,alchemy|infura
ca2-22e8cd13c63b74bc9bbc,ca2-22e8cd13c63b74bc9bbc.json,fa5c6c02a25aadbb1a79375f5e133f15ad3990f07427e22b12e49ed8cd474b99,VERIFIED,True,alchemy|infura
ca2-23403cb09827b5b8f43e,ca2-23403cb09827b5b8f43e.json,620d779596150ad4b18e941f7bdea9f1afda3aadac919b04de3443a94a27d632,VERIFIED,True,alchemy|infura
ca2-252276d076fbf17cb546,ca2-252276d076fbf17cb546.json,a248fe6f75ec226b6801811b5df34d3f9898e01dbaeef29a57ce51d92b8a3951,VERIFIED,True,alchemy|infura
ca2-2656a778ab34f3a823cd,ca2-2656a778ab34f3a823cd.json,df13d5b707b1d0d57bc169da4b20d9f5c0a185ec51c54cbcd5d127ba73c72a06,VERIFIED,True,alchemy|infura
ca2-26661d7a70b3c3c3ab9e,ca2-26661d7a70b3c3c3ab9e.json,dbb9f78b6929f3dbb9a3c241538c3f401d9f3fcd30b928c9122ac03f9603a7e0,VERIFIED,True,alchemy|infura
ca2-275669506c0506e44e0f,ca2-275669506c0506e44e0f.json,5dda03b4aba9804d57541d6431aaec68b3067104f697e27b988a041f70a84bd2,VERIFIED,True,alchemy|infura
ca2-28489e4d5123e702b7a8,ca2-28489e4d5123e702b7a8.json,fe66279ef61df72d55bdf7f64f3c1665aa5bda070c8f71c62d2c14d363304b31,VERIFIED,True,alchemy|infura
ca2-28984dadb4e195ff0adc,ca2-28984dadb4e195ff0adc.json,d6d08da0512c0b4700c60071024ff42a85fb5a303ea2ea07f050bcc686e2f59f,VERIFIED,True,alchemy|infura
ca2-29064c97bd3050d5cc0b,ca2-29064c97bd3050d5cc0b.json,35bbd82f5327b363324d09e67246d827968e282f28bf42590a56f9a2e363fc00,VERIFIED,True,alchemy|infura
ca2-293982257dd654edb222,ca2-293982257dd654edb222.json,6c4d1e4345819d231d72278aaf0b2b604bf32ae68b3dc0319d3bdfd67e064d30,VERIFIED,True,alchemy|infura
ca2-297229c8f057f9088676,ca2-297229c8f057f9088676.json,20d08f5f9396ba0d52a049ae810b8c2dddf0ab9edb7a91076f8184de0491c356,VERIFIED,True,alchemy|infura
ca2-2ba749707a4aa17e7fd0,ca2-2ba749707a4aa17e7fd0.json,afeec5225878217c31fcc428a939ca7ef2ede1013dd96f88d983b29916a7cf59,VERIFIED,True,alchemy|infura
ca2-2c7f349f1a1765272f4b,ca2-2c7f349f1a1765272f4b.json,a35c70069d7c005f0f7a56afc3840bd5a1710d0da53ad62855de9ff37e4d44b9,VERIFIED,True,alchemy|infura
ca2-2d1d603841d5194ab452,ca2-2d1d603841d5194ab452.json,ed7590670fbadfc481e2b27749a6328486d99c6921b3b480cd3d8e47ae8f9b84,VERIFIED,True,alchemy|infura
ca2-2d415ee24d090e5e26dc,ca2-2d415ee24d090e5e26dc.json,10fe96a02bf878b7fbc4c01bc6093cc813653578dc44d3de6e54aac5a63027eb,VERIFIED,True,alchemy|infura
ca2-2dee2c2a8e814aa3fa88,ca2-2dee2c2a8e814aa3fa88.json,b2f00c95c98dff85899e08cabc027b3e2b7d1b509d199ad3c0fed79e122efb09,VERIFIED,True,alchemy|infura
ca2-2f2a6d7666820b172f1a,ca2-2f2a6d7666820b172f1a.json,991a0ebc595cd2c18a6a8c082e0548fc59afcbab004d7766bd281c2d37bc50ef,VERIFIED,True,alchemy|infura
ca2-2f4322a54fd6caa407fe,ca2-2f4322a54fd6caa407fe.json,f8e15d398a540be17ae4073352801cad4f43ae1589befc5d90271d2045b47b27,VERIFIED,True,alchemy|infura
ca2-2f764ff5c7c146ad35b3,ca2-2f764ff5c7c146ad35b3.json,42590648a56487cfb06a450709ebfdec8f852da819eb20853ffc79bc7930c332,VERIFIED,True,alchemy|infura
ca2-2f808fc768214bcb9f7d,ca2-2f808fc768214bcb9f7d.json,15aa964e57352493a7dc537c1e32c38e1dab8d1b5d1aaf6a2b5090e7ce4a4aed,VERIFIED,True,alchemy|infura
ca2-2fce7b426138574319d9,ca2-2fce7b426138574319d9.json,d8fcbe9ee676d3bf17ce563992432d28481b22f17e5953c860ce0e4638c578c1,VERIFIED,True,alchemy|infura
ca2-301863287cb1e49bdbb5,ca2-301863287cb1e49bdbb5.json,54f2fc384bb6deb30fd2c20c23f2e60a84ddbabf122375412d5dd1d90253f83d,VERIFIED,True,alchemy|infura
ca2-3049d2889726467cfdcb,ca2-3049d2889726467cfdcb.json,fd615d6959be711df4bf35801e2123f2411b38f10574ff5939082676b83a275f,VERIFIED,True,alchemy|infura
ca2-30b42ce7f2f4b08cf742,ca2-30b42ce7f2f4b08cf742.json,e1dd660a2379b6d3647e1658892651a8a146077f02b3dc77eb9b805966b853fe,VERIFIED,True,alchemy|infura
ca2-31fe70569e5c85e1450b,ca2-31fe70569e5c85e1450b.json,52f20ae0bfe1c87169b0f80fe94f945a521c352d8ea91c9b59120470d6a0a0d4,VERIFIED,True,alchemy|infura
ca2-324926ca92042b3a084e,ca2-324926ca92042b3a084e.json,b51554a268b1f016620b2a356bb3a15167ba3f757c7318bbdf38490a61ea1247,VERIFIED,True,alchemy|infura
ca2-332ccdc5e82202082265,ca2-332ccdc5e82202082265.json,c5ea0449cd2f2d09cd19621d54490dd08d8b3d8d9304411cd89025c31f3fa67b,VERIFIED,True,alchemy|infura
ca2-33375f53486ac02fc6d2,ca2-33375f53486ac02fc6d2.json,8e4dfef6f01f63fa548dfbc41e345de6a359dedf0e804e30dd8eb8658141bb1e,VERIFIED,True,alchemy|infura
ca2-33876c68131f30cf0f4a,ca2-33876c68131f30cf0f4a.json,69aa5d0fdd793799084e05a5221b1d341e385cc93c982140d62d462287028721,VERIFIED,True,alchemy|infura
ca2-347a5ac7c8586f3866c1,ca2-347a5ac7c8586f3866c1.json,e7398b707843a32eca169676cc423cf8a395fa709a1d53b12345f29c9a875a19,VERIFIED,True,alchemy|infura
ca2-3503e03a9a7fd4a87fe3,ca2-3503e03a9a7fd4a87fe3.json,99492fd88480fac055c54939f8705c1b6ce9ddb1136a60b10b140f6b478e94a7,VERIFIED,True,alchemy|infura
ca2-351de4f0c9d0919d5212,ca2-351de4f0c9d0919d5212.json,5d5f5d9a11e4c21bec9bc6a4f14afe9bb7f6bb7ebff70f3d83b7612aaf6eeac0,VERIFIED,True,alchemy|infura
ca2-35c4477f5ae385f13b96,ca2-35c4477f5ae385f13b96.json,a09e2732fd9253b7b9718423c8b25666e1368a9c9540f4a9160572c8322a0428,VERIFIED,True,alchemy|infura
ca2-3626b19eb243950f0171,ca2-3626b19eb243950f0171.json,9dc6fd7bbc6d22ea3233b752c9861a02b62f69ecc667918f897797db6b686030,VERIFIED,True,alchemy|infura
ca2-36bcb163bd23551701cc,ca2-36bcb163bd23551701cc.json,0e1c6c60e42a7be195779de7c95fbc53f8cfa0db3a14106cecd29189e7cfeeeb,VERIFIED,True,alchemy|infura
ca2-36def0144d519bbc5d86,ca2-36def0144d519bbc5d86.json,09bed74694c28525129fe3120c109926ded036e13e1f09a04ef37a060f1d5931,VERIFIED,True,alchemy|infura
ca2-37b12c1f2e2b7af31377,ca2-37b12c1f2e2b7af31377.json,ffbd9d5bea051ca98c2d7aa3638f87d505d527ee78aaa1ae53fa30b5a960d0cb,VERIFIED,True,alchemy|infura
ca2-382283494db3462edcb4,ca2-382283494db3462edcb4.json,6ba32c261b20e9ab8e99a3b387100d949499157e879e9767f164c84e75873373,VERIFIED,True,alchemy|infura
ca2-3843aa138b13af762925,ca2-3843aa138b13af762925.json,717b2119454754814dcb050fd0ef5bead76e9786530a3f893db8995984bca39b,VERIFIED,True,alchemy|infura
ca2-38de662649bc5f386b3b,ca2-38de662649bc5f386b3b.json,a7fb2d3c8f25f8e928f42ea57d286d1f1cd3a981b5566aadf04ebfee359fcf43,VERIFIED,True,alchemy|infura
ca2-3a72b153af20c2c77bb7,ca2-3a72b153af20c2c77bb7.json,f821c01f47caf24de6c02c2d61416d742f4349dbf729fe612ee982e510a50a3d,VERIFIED,True,alchemy|infura
ca2-3ae6d0e93f222f7571b2,ca2-3ae6d0e93f222f7571b2.json,7f5097517bf328d0c94328d7a98ee048c89a13fe31dcfa18e04c405327825648,VERIFIED,True,alchemy|infura
ca2-3b0aac1754ae5d74f870,ca2-3b0aac1754ae5d74f870.json,f46127b0b8428b1d9441ea7a5ee302e42016ac57709f92e77dae6da5b6bb286d,VERIFIED,True,alchemy|infura
ca2-3b5e98c9b74a83f683a0,ca2-3b5e98c9b74a83f683a0.json,2bd2f78deb04752249aec80f191faf6e80c56a6929d936ea3b1bc444c5e2e3ee,VERIFIED,True,alchemy|infura
ca2-3c88785c0f3b4867d7f4,ca2-3c88785c0f3b4867d7f4.json,19fa2578aacaa077a36388126a86213b0f9542e6dbf5325e3d23db43ecab24f0,VERIFIED,True,alchemy|infura
ca2-3ce3786a7c84825faed0,ca2-3ce3786a7c84825faed0.json,78470760970b622733f2d2a00415c2eca7aff3d85e9e3fc63fd9351acbd76df2,VERIFIED,True,alchemy|infura
ca2-3ceb352e665fb61f7402,ca2-3ceb352e665fb61f7402.json,f0d39f6ee168a5c1877f925854cc000654f14e7e5284ac81bb05f7267ff68f03,VERIFIED,True,alchemy|infura
ca2-3d7964746397bc97e185,ca2-3d7964746397bc97e185.json,a8427802ac866fefccfe60610270e5b377dc706e5b6c0a295c69e4bf6fc79aa2,VERIFIED,True,alchemy|infura
ca2-3d8e91015c9360a5a76f,ca2-3d8e91015c9360a5a76f.json,e0daa6883d19a0ea6aef7532fe1792142bff86c018827a2871e90d18371a940a,VERIFIED,True,alchemy|infura
ca2-3ea99bf48860cd3d90e9,ca2-3ea99bf48860cd3d90e9.json,e4c2562582267e7130fbfb5e14f2b234b0ba1b3b205c60c2669256a14ffd3364,VERIFIED,True,alchemy|infura
ca2-3ef6014a26a0b205a68e,ca2-3ef6014a26a0b205a68e.json,3ab02aa11614e3fdd0d47f43664bba4061ace7ed800a5a561d126e55c2891102,VERIFIED,True,alchemy|infura
ca2-3f7bb52435313429cfa7,ca2-3f7bb52435313429cfa7.json,fe375fcd3167c2cb3b3866e73e4deed4bb6f3cc29e4e38185f18915f58f1a0cf,VERIFIED,True,alchemy|infura
ca2-40ac2c3e107d3d88709a,ca2-40ac2c3e107d3d88709a.json,dd15364f8abf69484fdb29e2f767db4c8687e3df3402e2f0589988d8f422517b,VERIFIED,True,alchemy|infura
ca2-40ca8a9aca77ecfbfe71,ca2-40ca8a9aca77ecfbfe71.json,b40977a6619deb4692c96bc7382fd27af87ce3e7597c9f530c04c565c32d3ac8,VERIFIED,True,alchemy|infura
ca2-411b50fea47298d98579,ca2-411b50fea47298d98579.json,3738ad1a658d10843fd1a9da8abdd525b0a661eaaa56bc7b9dc5ae81c2503f9f,VERIFIED,True,alchemy|infura
ca2-4146cf0ae387533d1340,ca2-4146cf0ae387533d1340.json,5eee12bc52aad1c0221acbc88188c29825c5b0d02d54fae50ac3d4c917b30fdf,VERIFIED,True,alchemy|infura
ca2-421dd5bf165b069c74f3,ca2-421dd5bf165b069c74f3.json,8871abc96bd3a7c0f5c3e955a25eb3af59de09a0a572b7eb0b260c8b47d5a7c5,VERIFIED,True,alchemy|infura
ca2-42413804b9b826875275,ca2-42413804b9b826875275.json,9c36ea9a4f04d0748bd58c05270a7a148a615bbe3163b4ed3b4d38281b72e2ba,VERIFIED,True,alchemy|infura
ca2-429b8f8a4d1baf287471,ca2-429b8f8a4d1baf287471.json,229cade4a48c62a375c9cd4d3c6815abf89f3116064e8dcecfd60f1baa13cedc,VERIFIED,True,alchemy|infura
ca2-42dc2e766a267767f0d8,ca2-42dc2e766a267767f0d8.json,9f21e73cc160ee99d7138ffd823cdb9baa4eb29a7059d78a2ffb3f763dd78436,VERIFIED,True,alchemy|infura
ca2-441ed1a86d9edadc1707,ca2-441ed1a86d9edadc1707.json,46f8e6b4388b3b854b98fa370f9fac515b047baca2904e650ac9993d7de711dd,VERIFIED,True,alchemy|infura
ca2-444479add25939f22fc7,ca2-444479add25939f22fc7.json,1f3d80ac435cb9613903ec84f1cfd862c65c8d5d550e6d07305adf670ff920eb,VERIFIED,True,alchemy|infura
ca2-4565d5902877fc12ffa7,ca2-4565d5902877fc12ffa7.json,15d8d1b1312798b2b0308f3fa9cb7a3e2db5df7051d6e5c2d639a95e3eb42b4a,VERIFIED,True,alchemy|infura
ca2-470ed35ca97a31cab7dd,ca2-470ed35ca97a31cab7dd.json,4f3268982a105dc7c1efe852a177da950cebc9b77b031d109fd846e1b5bf2dba,VERIFIED,True,alchemy|infura
ca2-47d01daca3ef9c1ed2f1,ca2-47d01daca3ef9c1ed2f1.json,bd8f71c636ef3fadec7ace88b26706cfaed22e91e305ed574a81019cb82a922f,VERIFIED,True,alchemy|infura
ca2-48d4577fa72f25875ad3,ca2-48d4577fa72f25875ad3.json,5e8589c9571c309dc186a3970cfa90af247d98f729eab55a133173989b96eff0,VERIFIED,True,alchemy|infura
ca2-4ab53dc147bf1894e356,ca2-4ab53dc147bf1894e356.json,83e94db113671d1fc85d6d7ad8e72141f04b50b7fc28916356b8bfaf8c07d467,VERIFIED,True,alchemy|infura
ca2-4b9009f78d24b677e07e,ca2-4b9009f78d24b677e07e.json,4428a77c88227a246f09ea47478a5b9e384116e5eeb0e5fb0e9fcca838b06014,VERIFIED,True,alchemy|infura
ca2-4c0faea601ab4a95ced8,ca2-4c0faea601ab4a95ced8.json,795612154c9fe2063e208b9ee9e589b8062cb8f365abd9f2ee8262451201c23a,VERIFIED,True,alchemy|infura
ca2-4c7dcc457e38b7cc78ee,ca2-4c7dcc457e38b7cc78ee.json,7dc84dff8b7db3ef03fcf3122e137fb131d718b6aad22522135e39f1657da349,VERIFIED,True,alchemy|infura
ca2-4cd0e024b3073b041691,ca2-4cd0e024b3073b041691.json,006274cbd3c2ead85614eb1a9bedaceac5732206be68955ab86d8dc40355c710,VERIFIED,True,alchemy|infura
ca2-4d6568a7691d786971d0,ca2-4d6568a7691d786971d0.json,5c6f257c424c01094f0fa43e82df13ee4b84ebb69caf610bab83f7423cef0b18,VERIFIED,True,alchemy|infura
ca2-4de34020e1fa2eaee68a,ca2-4de34020e1fa2eaee68a.json,9d596c7b30c810719587c4a6eb4ae342314ed38ddd87632230fe45ca74e23dff,VERIFIED,True,alchemy|infura
ca2-4e64c62c912196653625,ca2-4e64c62c912196653625.json,c64b5fd12e95b9a0fa44ec240fb1274281ff4b24699cd445b30fc12ebc7122ff,VERIFIED,True,alchemy|infura
ca2-4f5a0a76d69326e4c2cd,ca2-4f5a0a76d69326e4c2cd.json,954a758aff5a64563c672026462c97bc710be827bbbcded60cdfed8d9af744a0,VERIFIED,True,alchemy|infura
ca2-5011063427fa6a95c108,ca2-5011063427fa6a95c108.json,37faa9490e75c502939babb28ebdd35cb00fa70289e873178ed453e4387e56a7,VERIFIED,True,alchemy|infura
ca2-5015a9e901810cc6c613,ca2-5015a9e901810cc6c613.json,66a2a547ebee9c5219c1766f51de4bffca04f19e9f3e249a7615d7377aa52159,VERIFIED,True,alchemy|infura
ca2-5033d73f3cec5063c5f5,ca2-5033d73f3cec5063c5f5.json,4a9f178e23dcc084afdc49f0c7ad37270f0bff44b6a21eb75f6f92d6d07b9e07,VERIFIED,True,alchemy|infura
ca2-50a6237be75e1de28124,ca2-50a6237be75e1de28124.json,50bd3fb5f1743f51a55df863ba30c8338d6553c5e49e4f42a89d46e28fc3d521,VERIFIED,True,alchemy|infura
ca2-511b838cc3ae7420a912,ca2-511b838cc3ae7420a912.json,83da6ea8bcc58b50e5c817affdebfc01e4e067c6aa2e585acfead13fd2ac2276,VERIFIED,True,alchemy|infura
ca2-5168eea9714e081f78ad,ca2-5168eea9714e081f78ad.json,20619b8a1b8c5b4d5f8aca5a610302306454da40377a4f3f372b47481afb93ea,VERIFIED,True,alchemy|infura
ca2-522ebe1e13a3ab2c2fe8,ca2-522ebe1e13a3ab2c2fe8.json,3b609bbc778daa02b6de7b2982273decc8e52c4f2540685175d41b06f4bc3e5d,VERIFIED,True,alchemy|infura
ca2-5293bf48f2bcc29baaff,ca2-5293bf48f2bcc29baaff.json,615c89921888356c26e2fc8767be8ca3471c1458e4041ec1bb22f27aed902178,VERIFIED,True,alchemy|infura
ca2-53f0c0893c96da4fd077,ca2-53f0c0893c96da4fd077.json,41343a1beb6a4f66426cd1daf5442e4d507b37003b1924dd3dcedc45d362954d,VERIFIED,True,alchemy|infura
ca2-54094307591338d2b28a,ca2-54094307591338d2b28a.json,27d69f831fb35e0aed15ccbf0e14174fdbfe3e34ba288c5363721ae4caa4e802,VERIFIED,True,alchemy|infura
ca2-549aa2c44edd65acedb7,ca2-549aa2c44edd65acedb7.json,ffe5f5f1e7e1234bb8daaa410b524f704293b4c493e36d48d970d7341e538d5d,VERIFIED,True,alchemy|infura
ca2-55d26359a2d08ac915c0,ca2-55d26359a2d08ac915c0.json,5d8578c383d2f7828c01e134127c5f594331df6861852f2e2b1efa2ce9702b37,VERIFIED,True,alchemy|infura
ca2-5600aac7a0790bee4d8c,ca2-5600aac7a0790bee4d8c.json,d09c7682507aa114fa4c8b2c347ba7f657dd3aa47235d2e88020a6d7b8140059,VERIFIED,True,alchemy|infura
ca2-5616b56d8b8cbc0a3ebe,ca2-5616b56d8b8cbc0a3ebe.json,29112630db782d0ed40a6cb4a00d5cfa16e853b6727dfa9e264c8354dc3249d1,VERIFIED,True,alchemy|infura
ca2-5675dfa92c14429a4b9f,ca2-5675dfa92c14429a4b9f.json,ccd3df45a86736d9973fd62f0dc2359279759c0b5547b50633d1ee1dff1eddc1,VERIFIED,True,alchemy|infura
ca2-56bcc5cdf2d34dd9c4fb,ca2-56bcc5cdf2d34dd9c4fb.json,0f9e84ab9d77216359e0c531955d7b9f4a7983244b4237fc72bb34a31388a417,VERIFIED,True,alchemy|infura
ca2-573d346bb7ac970e759a,ca2-573d346bb7ac970e759a.json,0b3a7c79c9aa0e949e22c31a6abcbcf238bb9b8331fd3e4640a981d8baee6c8e,VERIFIED,True,alchemy|infura
ca2-57582b3e77f95ed74d3f,ca2-57582b3e77f95ed74d3f.json,8dd5feb1efab0da1c974fb861cf6adf046cd6b41136b444b9753ce5412450665,VERIFIED,True,alchemy|infura
ca2-59a1cba91e5790395c7b,ca2-59a1cba91e5790395c7b.json,e732758857304c16d038c00e5e429ef535d54d4561641c7bed12c561a27be4f5,VERIFIED,True,alchemy|infura
ca2-59b9ab9a48493aa5ebce,ca2-59b9ab9a48493aa5ebce.json,f09f3022dd83eb438e2a0573cdd791db7257f194f4e62982956201494cd26350,VERIFIED,True,alchemy|infura
ca2-59c27a09402366528ab6,ca2-59c27a09402366528ab6.json,9c732858ba59401d916e6242c5d30030cb67c5249ee0683c14360de6ae5a7755,VERIFIED,True,alchemy|infura
ca2-59fefab120e73557ebbd,ca2-59fefab120e73557ebbd.json,58a2d74e9322b1e4f37c00480b1446fcdbe60fe5ecedeb16332d8513b5e02479,VERIFIED,True,alchemy|infura
ca2-5a019aa2bc528c73de90,ca2-5a019aa2bc528c73de90.json,fac56343134c7fce3530b882795837152508bd9ead83507eeb5abe1b39538cec,VERIFIED,True,alchemy|infura
ca2-5aa3d29494fdde461d33,ca2-5aa3d29494fdde461d33.json,1d9c2b1ddf6967848615d5c308536c6033d7100217c7a95bb9d15649f655e394,VERIFIED,True,alchemy|infura
ca2-5b4e3baaff7190f2f54d,ca2-5b4e3baaff7190f2f54d.json,734b4b6ce377c00aeb74e95c079b7f9438e958825a01ef070ae6518ab1e8ccd8,VERIFIED,True,alchemy|infura
ca2-5b927b3791414bdc410e,ca2-5b927b3791414bdc410e.json,17958a731734943c5c324a2fdcd8eb69ba303cba9b8cb81f7ce11a9434c6bd97,VERIFIED,True,alchemy|infura
ca2-5c189b8bf9f7db29dd4e,ca2-5c189b8bf9f7db29dd4e.json,a69bc342053a9ae0f2d184145d0135dc0ba5c67063183f0906ef28022f948a95,VERIFIED,True,alchemy|infura
ca2-5c60ed4125f7ab7d31ea,ca2-5c60ed4125f7ab7d31ea.json,917b71c7fdca1170bf8e974af3b5c9e24c5055422af69ad5f4521fce13c9901e,VERIFIED,True,alchemy|infura
ca2-5c6b3bca3311000683b6,ca2-5c6b3bca3311000683b6.json,7fbe75117d68925d8b6255b8340c732aaa2dafb3f2054d7d42e460c28080d8c2,VERIFIED,True,alchemy|infura
ca2-5c90f11e08cf22426454,ca2-5c90f11e08cf22426454.json,06b06e847975fb1510eb13ed976b4e3dbc2179d25955e1bb0363de7eb284915f,VERIFIED,True,alchemy|infura
ca2-5d15ea73c6fd71a4407d,ca2-5d15ea73c6fd71a4407d.json,ebf2bea34471f90d0b9633d8436d015b5867fa4f8b3484d57be65035b38d6291,VERIFIED,True,alchemy|infura
ca2-5d29f9c5eb314dcba612,ca2-5d29f9c5eb314dcba612.json,6cb835c96eb5e500ee033c1b267aaecf8913c709430a2fa206032c7b6d9cdd28,VERIFIED,True,alchemy|infura
ca2-5d74bde6e71788f42085,ca2-5d74bde6e71788f42085.json,a2e1f8863cdff712f8120594d2c2f40209bd25ffff4456cb483e45d9a6cfb840,VERIFIED,True,alchemy|infura
ca2-5e2c8b988ed2dd09b840,ca2-5e2c8b988ed2dd09b840.json,caea9e0d36dfd8015610a47b0739674a273dd5ef2b0a04e34884202892c5f251,VERIFIED,True,alchemy|infura
ca2-5e2d8f30a0d9b1dc548d,ca2-5e2d8f30a0d9b1dc548d.json,54cae6859a845b3d0ffb59ac96ac4cbddae5a9a57fa730b5a2496f5946dc2261,VERIFIED,True,alchemy|infura
ca2-5ec981d26607ce3dec41,ca2-5ec981d26607ce3dec41.json,8f4dcd5566052401a9640afbf6d8c792373e8a0b73b5c7ed4135dbf718c8f2a9,VERIFIED,True,alchemy|infura
ca2-604ce8fc1c483067805c,ca2-604ce8fc1c483067805c.json,405f93e890cfe82642101d2eabb1e59a218e42b22ca2c0cdc413f3a48ebef982,VERIFIED,True,alchemy|infura
ca2-608fc098c08911f51783,ca2-608fc098c08911f51783.json,b79c790aa228e3f2743100854878ae7439bac46539543c5dfd61bb1a619eede0,VERIFIED,True,alchemy|infura
ca2-60a0988512bfa1f54c2e,ca2-60a0988512bfa1f54c2e.json,ea36fd48cac3a2cabf983f6666fdf757b423e38e12081bcb810938ca3a861859,VERIFIED,True,alchemy|infura
ca2-60b7a39b3acbf3ed1937,ca2-60b7a39b3acbf3ed1937.json,ae38168dce61b5f35efc283ff451c72e00869905d3f89023a364b7ac2d3a0823,VERIFIED,True,alchemy|infura
ca2-610c56fd6c594f9c9f90,ca2-610c56fd6c594f9c9f90.json,9bce8bc334d5fa058ac5cf387f7db53349aeb7fe6175b53aef82255275aaa769,VERIFIED,True,alchemy|infura
ca2-6123dfbf4db930b4d1d5,ca2-6123dfbf4db930b4d1d5.json,9820afa6785fc59f3c94b1b2a23b0f158e850af6f244a71fff1ee550e30db213,VERIFIED,True,alchemy|infura
ca2-61379f018c08925d7ecc,ca2-61379f018c08925d7ecc.json,565f564e7b7ed2df702e112395289c09e92c73070a1cf9d0351e62c2202b09df,VERIFIED,True,alchemy|infura
ca2-616b55afdd61c6ca8b12,ca2-616b55afdd61c6ca8b12.json,042721c445d46afb602ddb2b60fb40b58e7f3ca9e6ad4748fc52abbd77d3c50f,VERIFIED,True,alchemy|infura
ca2-61c7c0bc0fd854fd8541,ca2-61c7c0bc0fd854fd8541.json,bd21c97288704728ba646538bdaa1325f36ec6b1e088bddff5238e886e34d0ee,VERIFIED,True,alchemy|infura
ca2-627fce499908ff82ad6d,ca2-627fce499908ff82ad6d.json,d81ceb898da7388e64f4513f9873b060e379c7cbb4b6ecb6c6a30806fa835b22,VERIFIED,True,alchemy|infura
ca2-62fc7b9b9ac57e1b7351,ca2-62fc7b9b9ac57e1b7351.json,1d99867d1c155ac98645142d6439bd4ecd04d1ca122298107b659a64163299a1,VERIFIED,True,alchemy|infura
ca2-6330139e9160d6464fd9,ca2-6330139e9160d6464fd9.json,63abcb0c985695d5a638a054ba7ca091cf7ceff07447aea35f0a2b8f477f0931,VERIFIED,True,alchemy|infura
ca2-637d0856b7b1d9ca4dbd,ca2-637d0856b7b1d9ca4dbd.json,14a82a0dd4f4636c92e4539fbe97a10f0bc1567b6d04490e90e71d1f25f5cde2,VERIFIED,True,alchemy|infura
ca2-64ef33688d6e79b3439e,ca2-64ef33688d6e79b3439e.json,6107676166afd042dc961db786a69700f51504c212b469e8422eb795a3869b49,VERIFIED,True,alchemy|infura
ca2-6673e21002a8af6f4d12,ca2-6673e21002a8af6f4d12.json,e67876cd3d2588509c87122b366007e37a9e2ae97149f7b35241c1549b7605d5,VERIFIED,True,alchemy|infura
ca2-6829820c6abb9fe3a566,ca2-6829820c6abb9fe3a566.json,d33f8b4de8cdbf207e4146d7a00b472bd05535180e47682b98d5c03fef928d77,VERIFIED,True,alchemy|infura
ca2-68bcc7d0d70c9f4db91a,ca2-68bcc7d0d70c9f4db91a.json,2d8841a07ff0c19ec69800e78365fe57f2c399e8d673823f0347324a2a25f8a4,VERIFIED,True,alchemy|infura
ca2-698cd40308a0d9b400f7,ca2-698cd40308a0d9b400f7.json,56139a5cc7103d14598c570c1bcf8763f28dd892e87add1836453846c5d9e5af,VERIFIED,True,alchemy|infura
ca2-6996a5993263d8986598,ca2-6996a5993263d8986598.json,aae4254a11d5d216e4a4f6453ed4fcefb6a7bbde38893ded97c8a866b03f2a03,VERIFIED,True,alchemy|infura
ca2-6af08ae1ba1d426949bb,ca2-6af08ae1ba1d426949bb.json,433f45bdc2bcceb901816d72d3d7dc20fc9f1d87c3d69081a12598133cbb8ef9,VERIFIED,True,alchemy|infura
ca2-6b709bd598843f9b172a,ca2-6b709bd598843f9b172a.json,73f804253d2e62438a361567c4ab2db6442500cbd009cbc3295639a5250d3f02,VERIFIED,True,alchemy|infura
ca2-6bc7737cc67404ed8f62,ca2-6bc7737cc67404ed8f62.json,3cca7b2d342ce9f486a059e7b6a8e5ea2cd6cfae1fac3506355ad87c3f6158fa,VERIFIED,True,alchemy|infura
ca2-6d220be49d90b51ca6fd,ca2-6d220be49d90b51ca6fd.json,804bc26463587646342a1c790a3db5a1b4b62a9a799538ad0d8e47fe6831ff71,VERIFIED,True,alchemy|infura
ca2-6e5acd680aa3d14315b9,ca2-6e5acd680aa3d14315b9.json,a1511683691e80c9753c78b01e1352cbd417f6d2b2e3404379bf0a1e1cb8ec10,VERIFIED,True,alchemy|infura
ca2-6e83ea5ad89c085e5f5b,ca2-6e83ea5ad89c085e5f5b.json,0ee55fe2b4b9505a6ed8e16f2604b75f80258dd834321d46b12838e63931471b,VERIFIED,True,alchemy|infura
ca2-6f776e614c2662f41a7a,ca2-6f776e614c2662f41a7a.json,ae7f0673f1f99bfc8d3f4d8ae2c37cbcfa5cd663fd0b321727fcd02eb61825ad,VERIFIED,True,alchemy|infura
ca2-6f8a2ab5c968b3eaaf69,ca2-6f8a2ab5c968b3eaaf69.json,c08da710e2c1d3ea1aa9c4a0705f90f09ba588101556e8c67cf253cd82f410bf,VERIFIED,True,alchemy|infura
ca2-702749959585da21f48a,ca2-702749959585da21f48a.json,395ae05ef57e3e466567f3b8150b27ad0515acadecc05086c5c7a0ec9ce0a9cc,VERIFIED,True,alchemy|infura
ca2-7063be755a02e6e0df10,ca2-7063be755a02e6e0df10.json,34ad71563c421e6a64ed364cc25cf5142d7b2ed527034defec1ed5e5e4041c72,VERIFIED,True,alchemy|infura
ca2-71d01a519d5b777ca8d5,ca2-71d01a519d5b777ca8d5.json,09fda772c96397f19fb711d660651cdb24de331a390ad563d6c81a6cb35c5947,VERIFIED,True,alchemy|infura
ca2-72ea322ccc16e3e5cbe0,ca2-72ea322ccc16e3e5cbe0.json,d080df0ccf90278393ecdf066b8b87be3895eb79b8cab9ec72e2411cf3dc8b83,VERIFIED,True,alchemy|infura
ca2-73f336f589a36742aed4,ca2-73f336f589a36742aed4.json,036c0c13b8da245582e7743169090b697c208e660851213f4f63e673ea4663de,VERIFIED,True,alchemy|infura
ca2-742774bf4edd46ad6f87,ca2-742774bf4edd46ad6f87.json,708320f24a8759dc7bace2e48ee6b519e29f3332f31b7270612c69679e95b3b1,VERIFIED,True,alchemy|infura
ca2-7455b4981f74c1b4c51e,ca2-7455b4981f74c1b4c51e.json,e9bc8754017e1949848f0945fdb078356cc33971c7fa522011073e122b607155,VERIFIED,True,alchemy|infura
ca2-746ec2d0566ffbda9c0f,ca2-746ec2d0566ffbda9c0f.json,1d37c4300d7a5a98680758d3dae7e81575ebd02ac54851c1069c29885cab01da,VERIFIED,True,alchemy|infura
ca2-758d99036031cc6eb400,ca2-758d99036031cc6eb400.json,7ec6da2b8cbe3058836a32ded5a0fdd03ca75cb7ad55fcd3eb716921de41c1a0,VERIFIED,True,alchemy|infura
ca2-759d84cb92c4b203c71e,ca2-759d84cb92c4b203c71e.json,b975489437f0989162a7fc380640bb75c501ea395da0eb908cf72546614de59a,VERIFIED,True,alchemy|infura
ca2-76e88e5b8b6fbabe3012,ca2-76e88e5b8b6fbabe3012.json,a4a4f287c3208837ccdafd9884c4c4f233f82264eeb93ca86ca17225dff54625,VERIFIED,True,alchemy|infura
ca2-76efd7743f4d9234ff8d,ca2-76efd7743f4d9234ff8d.json,9dcba942026483690d0a4ffc412cad3ca4d49aee3b0ada57e8d0af03152952b0,VERIFIED,True,alchemy|infura
ca2-7741e8a9a71601f098a4,ca2-7741e8a9a71601f098a4.json,25f3659e446df16776b63c00be7c45f34b68d854737074baa353c38b90bc1ca8,VERIFIED,True,alchemy|infura
ca2-77cd38b96a68c54afe71,ca2-77cd38b96a68c54afe71.json,571a3ddb0655545eab868a0f26940f1c781903abfb70a215eb1107daf94b01cf,VERIFIED,True,alchemy|infura
ca2-786342530794b2d0e951,ca2-786342530794b2d0e951.json,68e1740a789b68791691a012ea1bd263e8e2ffaec031dd249496b6e404bfe9a6,VERIFIED,True,alchemy|infura
ca2-7887a4e3ed471d877a90,ca2-7887a4e3ed471d877a90.json,c6c920c693b54d1426660466d3a9d754529cdaed363d1eba08baa04abd2353bc,VERIFIED,True,alchemy|infura
ca2-789b9d7c348037be1840,ca2-789b9d7c348037be1840.json,ac67233440b18cfe02d090f7941b9522ea09633ad90fab13ea01a571ed186e73,VERIFIED,True,alchemy|infura
ca2-7a01249aabcf9ab600cc,ca2-7a01249aabcf9ab600cc.json,e39ca56ff8091aca61de9288b0ee1797f179441900e9650c0ac4ca8e7b4d42c8,VERIFIED,True,alchemy|infura
ca2-7ab9ecf055348c803def,ca2-7ab9ecf055348c803def.json,e0098cc21a02bc7e5d549e731ef720f03de11b26da94be26f5e9d76ca190a524,VERIFIED,True,alchemy|infura
ca2-7c6082cada48d720f171,ca2-7c6082cada48d720f171.json,b55bb7c7c1014295fdf49d783ec27274333672ae777e86db474a3eb7a3472f17,VERIFIED,True,alchemy|infura
ca2-7cd2beaa007600ae46b4,ca2-7cd2beaa007600ae46b4.json,f6efb212e81a338347e0c0f1dace2fc53b2679d67b692ca6215652afcac3d9bc,VERIFIED,True,alchemy|infura
ca2-7d57548f67767829ee9a,ca2-7d57548f67767829ee9a.json,595fb06c47a782ca47b6ed954ee208ac5b2ec02465ef8a0ade47a10e58c4163c,VERIFIED,True,alchemy|infura
ca2-7d8bff5c879f84e09ee4,ca2-7d8bff5c879f84e09ee4.json,5e5bfc82d8fac230433ad5493b792b6cf55490d44389a71803c834c5f32482e1,VERIFIED,True,alchemy|infura
ca2-7e2e4e06ad319c9c87c0,ca2-7e2e4e06ad319c9c87c0.json,0b80c54fbdec3c3f6f53498aac58e69346ec5d7d58887c8ebaa703f15ee7c6f9,VERIFIED,True,alchemy|infura
ca2-7efff287d58605a4cc72,ca2-7efff287d58605a4cc72.json,d1b3e6adb6f08d002e1552993b9e1f0d24f5871a78f0e77886a600803102caea,VERIFIED,True,alchemy|infura
ca2-7f64659ac37a0996268b,ca2-7f64659ac37a0996268b.json,a68a6eb6805da6c2c50c3640e33d5d5b0fbf7f9765a8c889bf31aadca0b0fe9f,VERIFIED,True,alchemy|infura
ca2-81ae1f51e833bf23db49,ca2-81ae1f51e833bf23db49.json,f2f2fe5b7fa3001208e16d248abd93ac7eb25a576cd5edb70080e65cbebdde7f,VERIFIED,True,alchemy|infura
ca2-82c63f4f3f31559be9a8,ca2-82c63f4f3f31559be9a8.json,c9f8b12f393a766df8183a575f06bb6764215e1211b443069b8c18ef029c3e10,VERIFIED,True,alchemy|infura
ca2-83e922a7f39b2bc4b4b1,ca2-83e922a7f39b2bc4b4b1.json,5516adbb40b224d91ee2a3dca39bba41770f9f96d4fc07aa3c90dec66a5b9163,VERIFIED,True,alchemy|infura
ca2-8521e5ce73f00a1df2b0,ca2-8521e5ce73f00a1df2b0.json,3ee675ad3e6e38af39f931de70e07893622a976df06ee6c21b73705813528b60,VERIFIED,True,alchemy|infura
ca2-87c7a2d034157234fe09,ca2-87c7a2d034157234fe09.json,6469780068827ef6f922c532521b692ed65f01d0b83f34ffeb50bfce9a4de455,VERIFIED,True,alchemy|infura
ca2-87e3cee3e857278adb8f,ca2-87e3cee3e857278adb8f.json,f0ae0d7595c25eaebca8e72329966c4b8196ff044a4624282e3b996fc390cfb5,VERIFIED,True,alchemy|infura
ca2-8827a43c9b16b94734ae,ca2-8827a43c9b16b94734ae.json,6e88629e689a03f22aa0300bb39d83e788e8c0a26756bbd84263674f3fc7bd88,VERIFIED,True,alchemy|infura
ca2-8920d085a4a666414df5,ca2-8920d085a4a666414df5.json,0015d7109a5e8aa24bbcbdd13c8c0ffc3e0b2a0ac518bed46406fc2e017df702,VERIFIED,True,alchemy|infura
ca2-8a1aed9c839187cc890c,ca2-8a1aed9c839187cc890c.json,30a29849ba4e4190146e771b17ba13974d909ba67ab0773055b5ce598a256a23,VERIFIED,True,alchemy|infura
ca2-8accf6f062f57db1f918,ca2-8accf6f062f57db1f918.json,2485f12f5e0113e5581fb18de2c0c7f2fbc93e712299941451ac288ae48c0b8a,VERIFIED,True,alchemy|infura
ca2-8ad0e7849cd27bf47eab,ca2-8ad0e7849cd27bf47eab.json,6021ce0b99f6ea9f1ce9b4353980332625be805fed614597e75545eca35d074b,VERIFIED,True,alchemy|infura
ca2-8af0ea955100349da941,ca2-8af0ea955100349da941.json,081c61b64238f0c36d32730ed6f0784d6f32c0f3288e8456fe58a3456c96d3cc,VERIFIED,True,alchemy|infura
ca2-8b0370be76c7c7e05d59,ca2-8b0370be76c7c7e05d59.json,e6c894881cc21a6fdf34fd88a1f6054a2677c29a8f67cea3ed343c9f7d4a4373,VERIFIED,True,alchemy|infura
ca2-8b19d47d1a3d23da742b,ca2-8b19d47d1a3d23da742b.json,a4c79b4327e212b3e15f8a587626c67e3620e9b988799c18efd1b76e1fb88311,VERIFIED,True,alchemy|infura
ca2-8bd96b9bd5ce07a9bc18,ca2-8bd96b9bd5ce07a9bc18.json,69e8958c7f693dd9778f3d2472dbd6428a4f3be3063eceee7ffe70fdad233193,VERIFIED,True,alchemy|infura
ca2-8c56561fae063cde5971,ca2-8c56561fae063cde5971.json,538b26c0945588b9e0f2701dd43f30c12943e65927bd50997ae84625d71cc9a7,VERIFIED,True,alchemy|infura
ca2-8cf05be564db7065817c,ca2-8cf05be564db7065817c.json,ceddbc2f29bf1e50c623a7d4056e0481634cec2954f5fa5586c3d451fc729f77,VERIFIED,True,alchemy|infura
ca2-8e3ab047548dade505e8,ca2-8e3ab047548dade505e8.json,3ca58fa6c0e114a2e2fd7274190ed3bae84e94e8597d15b6463be3e455d6d9ac,VERIFIED,True,alchemy|infura
ca2-8eea98fa7851e4eaf7d3,ca2-8eea98fa7851e4eaf7d3.json,8763ec6986da27d099c1e13240b4a8acaaf9029015735b9b39feec2596f24d7d,VERIFIED,True,alchemy|infura
ca2-8f02fa85c8202388bdf3,ca2-8f02fa85c8202388bdf3.json,7542a2095e218551ef27ef9a0bac13168d467a9b13a3945d63ca6a1ae1719134,VERIFIED,True,alchemy|infura
ca2-8f2514150efc980c9183,ca2-8f2514150efc980c9183.json,01c97b0fb934ae0fb49a6797d05d6607a134ade43c71a20ab76a4006ec5786e9,VERIFIED,True,alchemy|infura
ca2-9035062d2e632d8ca752,ca2-9035062d2e632d8ca752.json,4ef61203d7e3e12950aeb4ada027d736028a8305b80db58ab909676b66b13751,VERIFIED,True,alchemy|infura
ca2-91206b717060c4fd7b39,ca2-91206b717060c4fd7b39.json,3d00cd64e20d177868950d36ddcaa8da736417c70dec7643d89c11d0afcb8557,VERIFIED,True,alchemy|infura
ca2-92a135a9bdbd676ee494,ca2-92a135a9bdbd676ee494.json,dc68137e96dd719bb5d7cc5b1901713d9f5dbd9e64a07fd711e8b2a07c69e791,VERIFIED,True,alchemy|infura
ca2-92eeb1ebc356ab25288f,ca2-92eeb1ebc356ab25288f.json,ef371e27fc03c9a9ed17568cfee4fcc1c2e52d13bd3d67342427be2b4bb95b54,VERIFIED,True,alchemy|infura
ca2-93739b94fa0816bd6234,ca2-93739b94fa0816bd6234.json,fda34f03723e81469761bb9aa1ccef8ba9340d51f3c21914dd1567f1354f6a2d,VERIFIED,True,alchemy|infura
ca2-93a5245378ac7422b320,ca2-93a5245378ac7422b320.json,6c892caa327830a16936a382c4beeaaab5cd22d7d49b356af414a51c178213da,VERIFIED,True,alchemy|infura
ca2-94a8114b86699da44092,ca2-94a8114b86699da44092.json,94c3568f8840c9d58dfab0caeba69a013618b23972004e537b23c9fd24587b9c,VERIFIED,True,alchemy|infura
ca2-95b35bd7c797a707a0fe,ca2-95b35bd7c797a707a0fe.json,1d46370755fd9195255429dd0147e35b4015cc3fc0053b87dded5e74a1e420c7,VERIFIED,True,alchemy|infura
ca2-9653ab400e10fa0c044d,ca2-9653ab400e10fa0c044d.json,fe728a0ad096b6407138099fd7f92023e9630f39a7e4f60531a5fa7a0d0a452e,VERIFIED,True,alchemy|infura
ca2-969e97a830e1fdab4f58,ca2-969e97a830e1fdab4f58.json,5b93431a5c41a942c12df9826d1b10526dc77d3b737d783454c6b091cee257a6,VERIFIED,True,alchemy|infura
ca2-96f365accfda88170b34,ca2-96f365accfda88170b34.json,2cd471e22425402fd8b667fe3b39b7d7de53c360bb4ad0b3de1b87fb79cc19c2,VERIFIED,True,alchemy|infura
ca2-96f82ac8ed9b6f3e4f14,ca2-96f82ac8ed9b6f3e4f14.json,28b95a758c9abbbe6c515b97aa210c0e00c0378301876302a189a2e26371b8ce,VERIFIED,True,alchemy|infura
ca2-9896be8cb2fd2c2b336c,ca2-9896be8cb2fd2c2b336c.json,741694b5555eabf36280bc82de224346612716268ac04c71770f0f596ea6438f,VERIFIED,True,alchemy|infura
ca2-98b03a49b7d20591238a,ca2-98b03a49b7d20591238a.json,d83f989c8b3fb1239110ca0c6ce26e2c9f4abb2e20457a9b665f9e3a8b942528,VERIFIED,True,alchemy|infura
ca2-98f2e78eb7b0c6b2a380,ca2-98f2e78eb7b0c6b2a380.json,e31f0ba31f4ceb236ac7324229d01b447c74ff405b2d4c99c71dd0e5179c994d,VERIFIED,True,alchemy|infura
ca2-99439e8d086734a4e7a2,ca2-99439e8d086734a4e7a2.json,84e911d2f30bd225987c72b18301d770ea886fbba0533d4273e12423e59a144d,VERIFIED,True,alchemy|infura
ca2-9975357170a08c396c9a,ca2-9975357170a08c396c9a.json,fed3e8343822abef43441e72ccdfbb6d983ba1b376e535eeef9dfda4841ed054,VERIFIED,True,alchemy|infura
ca2-99c425ac31ee8abd76f2,ca2-99c425ac31ee8abd76f2.json,b58fab5d470634f2a7490809674361c9fdad5ecaf18f7adb4cc281067626bd1c,VERIFIED,True,alchemy|infura
ca2-9a214e9ce45a57c562e3,ca2-9a214e9ce45a57c562e3.json,e61e322b70e89633b5f99cfc7ff2b9b5bfd8ce915a6de19d3dbb0794108b2207,VERIFIED,True,alchemy|infura
ca2-9aabe02b00ee6b15427c,ca2-9aabe02b00ee6b15427c.json,bbcd12fa7886d48c16240a33972be97b29110fcf8d85e841e35c46feaa98bd5e,VERIFIED,True,alchemy|infura
ca2-9ab8788d5d7ac2a3947b,ca2-9ab8788d5d7ac2a3947b.json,8cc1dbdb5626a6d000a50894477dfff0924c5de509bb92148a305e2801a84a2c,VERIFIED,True,alchemy|infura
ca2-9b3232b290b3e5a209ad,ca2-9b3232b290b3e5a209ad.json,7631df5bd68347701f55d066a42e1b23067fc1b9cd77caab84f2807d03341234,VERIFIED,True,alchemy|infura
ca2-9b437de06c56cc873e8a,ca2-9b437de06c56cc873e8a.json,e15859c38a99c15d373a75776f7575d69e887ceee8eb631fdd3c1de6df48aec7,VERIFIED,True,alchemy|infura
ca2-9c986971a7cb2a1d5317,ca2-9c986971a7cb2a1d5317.json,907724323e427a323833788bfde5c483bad03e52736865b39cfb22c2ba6091ec,VERIFIED,True,alchemy|infura
ca2-9ccf44443a293b02fdd3,ca2-9ccf44443a293b02fdd3.json,7ca2785f4be095a5d2cc9258900c1d990042e4cfdfb6cac7b2cf5f000892cd75,VERIFIED,True,alchemy|infura
ca2-9d4246988ce873fd7f25,ca2-9d4246988ce873fd7f25.json,2397a48dc5c82609f854ec7cafeb521422beda729d51021dbd2ce08bf0d15b36,VERIFIED,True,alchemy|infura
ca2-9d76878011d42a78b09a,ca2-9d76878011d42a78b09a.json,97db2d6c1dcc8febe75692851751f769732a030bc0e526249194a53258771d3d,VERIFIED,True,alchemy|infura
ca2-9ed4dcb42bc3e395722f,ca2-9ed4dcb42bc3e395722f.json,e26f28f670c44f710168e3f299c5b933c714f34ffa2d9543c6896b693669de3e,VERIFIED,True,alchemy|infura
ca2-9f2e70a7938c45f70a82,ca2-9f2e70a7938c45f70a82.json,500f4b854e40c6858db7cbad86b69e889d3ddad40ee51c66f9828e6850fa83ae,VERIFIED,True,alchemy|infura
ca2-9f5117e07b7b2d16ed22,ca2-9f5117e07b7b2d16ed22.json,1cd6a4f5f0c67a4a81fc17f105e3adb68600465a1c3b1c5ce477c68e9b8c85c1,VERIFIED,True,alchemy|infura
ca2-a03b0bc9fabb86e707cb,ca2-a03b0bc9fabb86e707cb.json,d8cbae632f370a884f3e6bcbbb5eb93a46d596ca583da3e25c45b3ade64594cc,VERIFIED,True,alchemy|infura
ca2-a13694fcc2f9f05dda72,ca2-a13694fcc2f9f05dda72.json,3158f90e0b7b22c35e7440ae3fb23a580f9ab586c0e79858f4b30ea152194996,VERIFIED,True,alchemy|infura
ca2-a1560cfd50c54f038ab4,ca2-a1560cfd50c54f038ab4.json,f833f96f33cbd2e2db22d7722e0929638b5ef440868bb9151ef81feec56013a9,VERIFIED,True,alchemy|infura
ca2-a17aa054e6a4e68a65d6,ca2-a17aa054e6a4e68a65d6.json,9f4521493ebae8f988f6bbfc20344e7fe844c648e25c5c0aa350736e82f650c5,VERIFIED,True,alchemy|infura
ca2-a1a34caf1169e8bc37ff,ca2-a1a34caf1169e8bc37ff.json,fd484cf7d9f3ea6eca5b20bc07e8cd10ff9bc0e01439fefddb78212b6fe221b0,VERIFIED,True,alchemy|infura
ca2-a20ccf47b4d8c4cfab79,ca2-a20ccf47b4d8c4cfab79.json,724817c3799d939c7c1565bb46c86706554d16552acbf7f98097591b2426f349,VERIFIED,True,alchemy|infura
ca2-a21d0869309e8d547595,ca2-a21d0869309e8d547595.json,1675b67db503bd105c1c5ac80e8e31fb6024ee71001f66166218f1b8f70f25cb,VERIFIED,True,alchemy|infura
ca2-a21e3c90faf447e22997,ca2-a21e3c90faf447e22997.json,f452e2756245629f0f26ab47b500c0ea62950c772d620c545255f9512f70f10a,VERIFIED,True,alchemy|infura
ca2-a25eb49dc8b847fae718,ca2-a25eb49dc8b847fae718.json,88ec253473b283d14b4c434ecf43813e7929e37e735206fc40dd5f5bf30bd716,VERIFIED,True,alchemy|infura
ca2-a2f6f3e29675d1bc32f6,ca2-a2f6f3e29675d1bc32f6.json,2e83340e7159e1477e1f8793f3b0272f45667b1a0968edad556d23f224ba8add,VERIFIED,True,alchemy|infura
ca2-a3eb07131d27e069a3d8,ca2-a3eb07131d27e069a3d8.json,53158e44faedd34d53037b730f5d0b9337cde5d269d97e69248ec1a2eac9d964,VERIFIED,True,alchemy|infura
ca2-a40aff558c4a5d19fdb1,ca2-a40aff558c4a5d19fdb1.json,2e8c4842f725464b2a191ae1f6a790f31a39725517d9714ae9eee7176da448a7,VERIFIED,True,alchemy|infura
ca2-a517ebcd851bcd0a26cd,ca2-a517ebcd851bcd0a26cd.json,e9ab43701d753842c7813b696b31260106f1145703068cb59551ef6d43e7c2cb,VERIFIED,True,alchemy|infura
ca2-a5caf2554c14b71cf9ef,ca2-a5caf2554c14b71cf9ef.json,3cbd2a93c70728b029b8ebf56593422b319cef4bd88c1c525543edf90b3495b3,VERIFIED,True,alchemy|infura
ca2-a5e7a267cfa0aa860481,ca2-a5e7a267cfa0aa860481.json,68db287478e1a62d0aee61deab8dbbdd2d1d7a0872125382071e0856fb67df0f,VERIFIED,True,alchemy|infura
ca2-a6061f6cad3a5884d6d4,ca2-a6061f6cad3a5884d6d4.json,fa4c36eb790452eaa0d57d6aec661bad082db02fe49775928eebd23924683657,VERIFIED,True,alchemy|infura
ca2-a675d1938359eba4234f,ca2-a675d1938359eba4234f.json,8a793f763bee05c678a7facfb7493aaa74068c489bcf56aa13cc60996f6552b7,VERIFIED,True,alchemy|infura
ca2-a7021cd43eafc6f1fd33,ca2-a7021cd43eafc6f1fd33.json,6c186c7170fb45e8bfe819d2c924404c2afa44a91f3378f647059b9ca9c0d890,VERIFIED,True,alchemy|infura
ca2-a86a6b86d343ba9e3bdb,ca2-a86a6b86d343ba9e3bdb.json,a292ee9d289a4f23c79003a5ceff026484c10861776583b8b562ea7fb449fc55,VERIFIED,True,alchemy|infura
ca2-a8ad072cb3fd37a5cfca,ca2-a8ad072cb3fd37a5cfca.json,51d0312828b6a80d3048dd66e41822642a3f2d53f4f0fbe4557b5420428e85d5,VERIFIED,True,alchemy|infura
ca2-a9052dd43a76ce42a994,ca2-a9052dd43a76ce42a994.json,66a754476e7b4b3e8ca8b61181f0aecd60310bb589240db2f27014b0a494af2a,VERIFIED,True,alchemy|infura
ca2-aa385c0e97d08a3f6364,ca2-aa385c0e97d08a3f6364.json,e1c0c9ebcf6f3d5c84466915ad60f3eee2d6b60a075fcf9b3a137489ed13bae3,VERIFIED,True,alchemy|infura
ca2-aa4fa44d86c046a9915f,ca2-aa4fa44d86c046a9915f.json,cad93eec9afbb37ecdfd15d2b4fd9a345aded77a52fa69174be0e67ba0fa526a,VERIFIED,True,alchemy|infura
ca2-aa939f9f7f959ce19c8f,ca2-aa939f9f7f959ce19c8f.json,9a528c89c6241dcb166f1ae4d1ccba083bada9e06e3e28d5fdafac8e5b6ceea4,VERIFIED,True,alchemy|infura
ca2-aa992d5980e00838b209,ca2-aa992d5980e00838b209.json,6c4f7b55d8bb0d256e829798adc0372ccfaa9cc14d31647ac6a6c87978a75f32,VERIFIED,True,alchemy|infura
ca2-aa99cf4dbaf4c7bb8459,ca2-aa99cf4dbaf4c7bb8459.json,82eca54327142d41e274717bede13b400516ab1de009cfd1614f41082d2e16b9,VERIFIED,True,alchemy|infura
ca2-ac986ab36ff83135b05f,ca2-ac986ab36ff83135b05f.json,749cde2c8879af84eb405bb8513f9628bc6a91980a2121a40f272a96a83b6907,VERIFIED,True,alchemy|infura
ca2-acd1e6758fc18c6f0e76,ca2-acd1e6758fc18c6f0e76.json,42806311f8f0d03166c5266ae61fa9d5c9a60e9f057638e85fef6cd2c22978c7,VERIFIED,True,alchemy|infura
ca2-ad9d57e62841ea9096b7,ca2-ad9d57e62841ea9096b7.json,eafb160584abe9bda307a92cd46cb376c1c0d7c7ea20f023b97df277f9e930b5,VERIFIED,True,alchemy|infura
ca2-adacb53105e39eebae4d,ca2-adacb53105e39eebae4d.json,a6f89cc2b46b0ce98a803446c825e529961b52a6515e2ccdb44213d1fb9459b1,VERIFIED,True,alchemy|infura
ca2-af464f834697310f7d30,ca2-af464f834697310f7d30.json,998acaac03f6be63c71571e96199cd8e1bd56b0f31998b1391545791c411cc8d,VERIFIED,True,alchemy|infura
ca2-b141324cdd440e7feb3e,ca2-b141324cdd440e7feb3e.json,7ef258ab4d3e7ccb644f27c4c72da0ab2ebbdb17f2056a73ba8c0513314ef05e,VERIFIED,True,alchemy|infura
ca2-b15231d961b437b62264,ca2-b15231d961b437b62264.json,c7ab14c1e1a79352c5a9d55060dd74cc9bee3991ca6f6f6e7f5c0a534090e5c1,VERIFIED,True,alchemy|infura
ca2-b40a4160faf772fbf6c8,ca2-b40a4160faf772fbf6c8.json,efc05e43311dbdd92adbfa40d51e2f645c71e25cb661a34b46e75bee72692690,VERIFIED,True,alchemy|infura
ca2-b4208a8c5bb1d965b99f,ca2-b4208a8c5bb1d965b99f.json,8f6d10ce422fbfc98a2d63109fb0bca4d21bd3467b497932aae4c9de1a1fd710,VERIFIED,True,alchemy|infura
ca2-b47e7dc1b2b6c8992cce,ca2-b47e7dc1b2b6c8992cce.json,2a9b4e17bc5fbd8c6c3565fae5aecec5a5db009a0a179eb100880c6a4f420e97,VERIFIED,True,alchemy|infura
ca2-b5392852b27dc3299291,ca2-b5392852b27dc3299291.json,4bb95b90a55e8be2e2964edb803fc1bd1b65dd02e88cd9762a641afdf2fc3633,VERIFIED,True,alchemy|infura
ca2-b54a80c704cbcc128875,ca2-b54a80c704cbcc128875.json,8672701a6253a99f3feee04bce6b86bc678ca60fab8d70839f6874520249b2f3,VERIFIED,True,alchemy|infura
ca2-b5a8e682aba465a7a0f6,ca2-b5a8e682aba465a7a0f6.json,4b7bf769e682078281792638809bec41871d9f6cf3ff121f20dc4077a5166f23,VERIFIED,True,alchemy|infura
ca2-b68f8de37da66632724d,ca2-b68f8de37da66632724d.json,9956f19528b1d69c1b4a9c76693fa30dca095dcba286b618e881c839e01a0b7b,VERIFIED,True,alchemy|infura
ca2-b6eef501c6bfb6ae40e1,ca2-b6eef501c6bfb6ae40e1.json,9006a534980ba8c8803bdca3326a7537f4e07c2c7f90b2a2b0fd2f293322bd1e,VERIFIED,True,alchemy|infura
ca2-b742b64a4c493234640e,ca2-b742b64a4c493234640e.json,58b436dd664a8a442d7dfeccf4f36ebb20ddcdd7504ec0796667ee228dc96b19,VERIFIED,True,alchemy|infura
ca2-b76182b1e2e51faa9428,ca2-b76182b1e2e51faa9428.json,95ad18a40c835b120b3e0bc7d5e52effa8f62049f4f5c233d55219bc6b938bb0,VERIFIED,True,alchemy|infura
ca2-b7ed9e346aa4cb6ca834,ca2-b7ed9e346aa4cb6ca834.json,5ccd313a9d5ac9b7cb1793f73d070084f65d979af001edc79e9262fef553cd75,VERIFIED,True,alchemy|infura
ca2-b7fe5ed86edfbd9edb3a,ca2-b7fe5ed86edfbd9edb3a.json,9e75c18a5e201b7bd7db47fc288a8b440cd7e4bd976195ed488828f1ee6b2d4b,VERIFIED,True,alchemy|infura
ca2-b801a4d001ea7844b2c0,ca2-b801a4d001ea7844b2c0.json,6e4e073882e8ad0b694496db179435d6aac2e1df6fa8d939948ca604df4e9b66,VERIFIED,True,alchemy|infura
ca2-b89108fafba359a9828c,ca2-b89108fafba359a9828c.json,553f90162eaa87c7d57cf6356e1abf7356391b38bac91da7d9705493cab8117e,VERIFIED,True,alchemy|infura
ca2-b917178685db1ed39d90,ca2-b917178685db1ed39d90.json,31289e88529782a2a960be6ddc6641c03b509c0305188c90a39d72161dda27a9,VERIFIED,True,alchemy|infura
ca2-b9b0485322ceb6ce33a3,ca2-b9b0485322ceb6ce33a3.json,3c65296d7bae31ea88089cc749650311cca19a2944987d4c29b4aafac5b5c516,VERIFIED,True,alchemy|infura
ca2-b9bec467ee94f3fb52c2,ca2-b9bec467ee94f3fb52c2.json,1a726cf3b09e3346ef06ef9768398b5e8e6d41de4b279308c1bd19571e4d4e3c,VERIFIED,True,alchemy|infura
ca2-b9cedafde58efbfc26fe,ca2-b9cedafde58efbfc26fe.json,6997f8ee2a7a566d4ff0b822a5e1c6e10ae663960835b9382d62ad5bdb29ba7e,VERIFIED,True,alchemy|infura
ca2-ba0418d74fad65f2483c,ca2-ba0418d74fad65f2483c.json,9f6ce760d2f2910b43fb2d9f16723b801ee263c547c98c42426929c39f5ecb51,VERIFIED,True,alchemy|infura
ca2-ba570d8f796dcaeae5f2,ca2-ba570d8f796dcaeae5f2.json,c73c2284537b16de180d66488c28cb2e801b37de0eb5768b1e650772cff1f821,VERIFIED,True,alchemy|infura
ca2-ba88d4267adf9e3ccd48,ca2-ba88d4267adf9e3ccd48.json,bf741d266e10305d9348278ec3d80dd642458218de5589b7abc254ddde206a18,VERIFIED,True,alchemy|infura
ca2-ba9bcac83757e0db9b90,ca2-ba9bcac83757e0db9b90.json,6908085c9b1444d435173055250a1f7be88d21df32dfa955bf06cb6540c9b1dd,VERIFIED,True,alchemy|infura
ca2-bc3880c8e3766b6a9ca4,ca2-bc3880c8e3766b6a9ca4.json,34664401a0b87d226ca03b39a4f4290d56ed364e1d1714c0606a0cc2bf118ad6,VERIFIED,True,alchemy|infura
ca2-bd6decf7c8f8dfbaca40,ca2-bd6decf7c8f8dfbaca40.json,c09e316b892f34113ad160b7cac050ed577e0b2f11971317943a2d90d7e08a57,VERIFIED,True,alchemy|infura
ca2-be2ba09219e40ecb6cb2,ca2-be2ba09219e40ecb6cb2.json,364c71a197644785ba4a2f59fa46355e751a3dc0ed8f203b59d04f8f7633de4a,VERIFIED,True,alchemy|infura
ca2-bef4fd38f1af5d45d83a,ca2-bef4fd38f1af5d45d83a.json,3e56ca53b378f831a633f8d782940b1a834293bb3dd394da5ab313f50c4ba3f4,VERIFIED,True,alchemy|infura
ca2-bf6bdd3510f2428b0575,ca2-bf6bdd3510f2428b0575.json,50e5699ee826e85d7e00de5123094ec764f5abe19197a9c71b655eda5a166338,VERIFIED,True,alchemy|infura
ca2-c066d2de3bfd20c10ce0,ca2-c066d2de3bfd20c10ce0.json,a8082841cbe3e1075607fdd1a4cf6adc47ded85f5050906e86983dbb72053b59,VERIFIED,True,alchemy|infura
ca2-c15651f1b54afa97c39e,ca2-c15651f1b54afa97c39e.json,014ccd755ee56a09797693f147f5935a6c3cd03acad36e4b30a4c8bd1e37fc8b,VERIFIED,True,alchemy|infura
ca2-c18bc2a1d0fa9e55db58,ca2-c18bc2a1d0fa9e55db58.json,c39db555285b4bc447dc1716f48bdd77ba1a8b6eee8e0c71c57acd07f310deea,VERIFIED,True,alchemy|infura
ca2-c2f4de8010f571d74d0d,ca2-c2f4de8010f571d74d0d.json,140ae4d8c9f472108d80e3903e5419f7dd5fc06b6f858508a545972341493b51,VERIFIED,True,alchemy|infura
ca2-c362836e579418bb08b8,ca2-c362836e579418bb08b8.json,c37fa0f1c3cd09f4f8ec07947d9959d70e98b783fd944f1b4f876ffba21467ea,VERIFIED,True,alchemy|infura
ca2-c3da8c67aae06b7ecce1,ca2-c3da8c67aae06b7ecce1.json,f4b06a5f958ae752e1c970e0a6d60378aca7861c2c909f203a3e7fb327e2423a,VERIFIED,True,alchemy|infura
ca2-c5014cea82de5130aa96,ca2-c5014cea82de5130aa96.json,cf1576f5f0820d8af8ae73caced6633a250eff6218e60a86357c663bead653df,VERIFIED,True,alchemy|infura
ca2-c5a01f6581922c612fa6,ca2-c5a01f6581922c612fa6.json,7f841f7596cc84cb69a596ccf23c9564faf476b029198bcf3cc32d5820a724f3,VERIFIED,True,alchemy|infura
ca2-c5ce6bf171451010d578,ca2-c5ce6bf171451010d578.json,fc6452ccd5f8ac509c6b4350f74f4d990c75fc2adf5f73fce95f7a873c6060f0,VERIFIED,True,alchemy|infura
ca2-c5f49d371d24304e62b2,ca2-c5f49d371d24304e62b2.json,1385cbbd44cceba076989e8afce24667252a1d23b8f944ef5d8bb7470114401d,VERIFIED,True,alchemy|infura
ca2-c5f9905c03ee273e260f,ca2-c5f9905c03ee273e260f.json,1d341a50d23bee2f296313b7b6b5ad274609a58ec7dd9386bc33152780b84499,VERIFIED,True,alchemy|infura
ca2-c6799af1babe7f32f44f,ca2-c6799af1babe7f32f44f.json,0e661c668af92dae24e01b12a180a84945ee8b7e440e27c5b9a4baccf87be684,VERIFIED,True,alchemy|infura
ca2-c6f760eb216df807a29b,ca2-c6f760eb216df807a29b.json,ebb1456463763852c4ab947359695a36f7c2f6e45d3a8df35a744f3a429e8b75,VERIFIED,True,alchemy|infura
ca2-c7586710b826b2f08a35,ca2-c7586710b826b2f08a35.json,cf9915d707c2e2ce3188c03908946be0a2a187d0223e983d4facb570ac600abd,VERIFIED,True,alchemy|infura
ca2-c76c240f897354a45770,ca2-c76c240f897354a45770.json,490265420d296c7bbfab0bc6cb89fa71c264878f637c9093a9806c28aadc96fc,VERIFIED,True,alchemy|infura
ca2-c7f02a40db88500f3ae5,ca2-c7f02a40db88500f3ae5.json,d083b42b649736fea0c12439e75cbf45cd56e864216e51a83db8eb1223f9ecec,VERIFIED,True,alchemy|infura
ca2-c8dbe37642fb49490307,ca2-c8dbe37642fb49490307.json,4af934b81ee5215dbda7d6487e7a46f55f8f4bca5a13e433dae18c1290ef741c,VERIFIED,True,alchemy|infura
ca2-c8f07b57035de6f92dd6,ca2-c8f07b57035de6f92dd6.json,8743a7c4f54dc795174f077d03b36ed92601e44ad74e7a654131fc8afe468b81,VERIFIED,True,alchemy|infura
ca2-c9253cf4e2d235460157,ca2-c9253cf4e2d235460157.json,9bac179963a0b5eff35123cc4a6f508961e371b7e05b73767dfff82f020d80a4,VERIFIED,True,alchemy|infura
ca2-c9c1817a98610ef26f01,ca2-c9c1817a98610ef26f01.json,2fde88aa30a8f3666a03d93e8c5f2be95196abc39c084ab17b6fb34a41228cb1,VERIFIED,True,alchemy|infura
ca2-ca16a95de7b24c723e35,ca2-ca16a95de7b24c723e35.json,791ecfc8659274dc78cd6fbdc5c0a3ac1fafb1681a17149c42525addcdf806e7,VERIFIED,True,alchemy|infura
ca2-ca180b9c5c90165fb523,ca2-ca180b9c5c90165fb523.json,57b68bbdd64798f601d32681dd280163efa2189f006af7e0930ee9b5a3cd92b9,VERIFIED,True,alchemy|infura
ca2-ca1ff798b4f84a39a35d,ca2-ca1ff798b4f84a39a35d.json,b1fe327beb0c6988f591e062174af27bd5d259f8f612002dce2f4f7bff612221,VERIFIED,True,alchemy|infura
ca2-ca3ec401a279f9b471a6,ca2-ca3ec401a279f9b471a6.json,a98e64570206f91031d49001a7216f5ccb4449d78d72a6d5273e13b573f12ae5,VERIFIED,True,alchemy|infura
ca2-ca903ea09549202fecb9,ca2-ca903ea09549202fecb9.json,fc97ba31e29f9b4cbc22e28bbfd84097926da893f49b5cf003ccd18331a09922,VERIFIED,True,alchemy|infura
ca2-cb9d62babfef067f9bc8,ca2-cb9d62babfef067f9bc8.json,ecd561d3eb549c36dec285b25c3aca70dcc05439e331804d056146a175265706,VERIFIED,True,alchemy|infura
ca2-cc09312220e115bde016,ca2-cc09312220e115bde016.json,30e394eab4985a0771f0a457923f2aa82dd68f68dc708c2dee471f95315107aa,VERIFIED,True,alchemy|infura
ca2-cc76e9ac975f3c46bb14,ca2-cc76e9ac975f3c46bb14.json,f98d82987f9f0f122507fda18bc80c5d57537ba68efcf9e17c34c98d56b26ec9,VERIFIED,True,alchemy|infura
ca2-cd8110008dfe201e0222,ca2-cd8110008dfe201e0222.json,6c64a4f4a5c5934928f09febe0ba6d4f3e2730644a93141fb8920924d59a346e,VERIFIED,True,alchemy|infura
ca2-ce4de12cb6ec0aa01094,ca2-ce4de12cb6ec0aa01094.json,d8dd6fb0f600691520bc5fc43b39a458229d93c60838a7c2313346385c91f717,VERIFIED,True,alchemy|infura
ca2-ce552f38ab8199ed551d,ca2-ce552f38ab8199ed551d.json,1826a7ad906883486c78a9c6ac1d76e954504c74f8273873010c2b1c8aad8eff,VERIFIED,True,alchemy|infura
ca2-cf529333b32b69e4842e,ca2-cf529333b32b69e4842e.json,65d958e96d0332f046a8d9ff8e966ff809fb1c8fdd6b87bf130787ccd32f0de3,VERIFIED,True,alchemy|infura
ca2-cfb8cf251b553eed2196,ca2-cfb8cf251b553eed2196.json,fc1753d7cf9f65565eaa7e427a5f3360b834a20f4392d8c825e90fa24fa5fd06,VERIFIED,True,alchemy|infura
ca2-d08064284319f9724001,ca2-d08064284319f9724001.json,846765601abe5f3db42ffcd53c27218eac4fd875c276bcf95b37686ceabcdeef,VERIFIED,True,alchemy|infura
ca2-d0b1ccc1d33cfcce8cbb,ca2-d0b1ccc1d33cfcce8cbb.json,d23c2ba961badde0188218c430b5fc59f8e4bfe60dfdd60f9ef85b325ed84da7,VERIFIED,True,alchemy|infura
ca2-d21da7d9fce0924660dc,ca2-d21da7d9fce0924660dc.json,6572db2e52ef8aa063b6ae7ab0e116ef9afdbb308c5c0d7c8b6059f52fca6870,VERIFIED,True,alchemy|infura
ca2-d22c4160c4fed52695d2,ca2-d22c4160c4fed52695d2.json,df809b925823746eddacf6ec6d6a25d56ed9fedf26ce7199462bfa047153a17f,VERIFIED,True,alchemy|infura
ca2-d3a51f08e6355a17ca20,ca2-d3a51f08e6355a17ca20.json,a7bbc1900fee28c6a11e0abd631b4af11254feb719250c58d4e46c992bd75bab,VERIFIED,True,alchemy|infura
ca2-d5206e281e59cc007b02,ca2-d5206e281e59cc007b02.json,a7d1ccd6f56c0307f6be5f994a1810bb10d2094fd49059a86c33653a427a5e60,VERIFIED,True,alchemy|infura
ca2-d6090a50e7b7e86d2afd,ca2-d6090a50e7b7e86d2afd.json,89050baa9ee0a0cfebe266d2e09053ab8c7e9dfb2cc4f93746967eaf7b38ce34,VERIFIED,True,alchemy|infura
ca2-d6ba3397ed249bc3a420,ca2-d6ba3397ed249bc3a420.json,9eeedf296a90f9eb80709c6b5f9a578794945b2e02c757c77ee055f2cdb798ce,VERIFIED,True,alchemy|infura
ca2-d78f4dfccb15753abb19,ca2-d78f4dfccb15753abb19.json,73573d75c12590c5e0d7981f5edcde8cdb7c277e8db8b1db5e8bd971f1a8e94e,VERIFIED,True,alchemy|infura
ca2-da248926cc32b52fc5ad,ca2-da248926cc32b52fc5ad.json,430c82142f07ada8a3afb726a2e0e868410d70415e1f48706592c15afaa12ada,VERIFIED,True,alchemy|infura
ca2-db4133161e8ad967d9de,ca2-db4133161e8ad967d9de.json,bc593f8ef3bad1bdbea8a4fe6cf372aaab360e7f147970833bac1b34f428bd43,VERIFIED,True,alchemy|infura
ca2-dc0f5864cf0c7c7db3d8,ca2-dc0f5864cf0c7c7db3d8.json,ae84cc7b871bbefbac15d6d12bf913ac2f4a30e03066afcc200bcd510d2af50b,VERIFIED,True,alchemy|infura
ca2-dcbeec1a974442a079de,ca2-dcbeec1a974442a079de.json,33cbeafc5f29825f853eaf38df7c87938387b1fb620a8df18bf8a7c73612f328,VERIFIED,True,alchemy|infura
ca2-de6d0211681a69ea1f52,ca2-de6d0211681a69ea1f52.json,2ea6fa989441c8e94c933205476837d754327053a624853e06041d43e8dcf918,VERIFIED,True,alchemy|infura
ca2-deb8f1653a1510fb4c48,ca2-deb8f1653a1510fb4c48.json,41bcad8654b91186e6d22e7b725c3cead61a49515652d2fc83b43b11b2d5974b,VERIFIED,True,alchemy|infura
ca2-e017525389c5fba3ce28,ca2-e017525389c5fba3ce28.json,e9d39bcf28d3d0330e5b6383290ddef171d8d9c982aa9c230803b929b1c0e443,VERIFIED,True,alchemy|infura
ca2-e095e5dbb9687595e5ee,ca2-e095e5dbb9687595e5ee.json,5989eceeaece34faa694e5e6fccde53330e4778fe66d9bf4d411acb1574291d7,VERIFIED,True,alchemy|infura
ca2-e24739584c716694ba60,ca2-e24739584c716694ba60.json,4c5fceb10a59b5c3284b1e64ba36185182c67bc75869ce76ee655feada6b57ab,VERIFIED,True,alchemy|infura
ca2-e488b8f22881b9feaedd,ca2-e488b8f22881b9feaedd.json,f2d8c5403edd51e82d4592212f3e165476142dddad1c8b247b59063ae9c12319,VERIFIED,True,alchemy|infura
ca2-e54f2002a25549da55ac,ca2-e54f2002a25549da55ac.json,f193ace8357d4a99a3a79f0a91a92938e929c2d4edb20359108347372eda687c,VERIFIED,True,alchemy|infura
ca2-e5a8dccafb3c4f63fdb2,ca2-e5a8dccafb3c4f63fdb2.json,394bf419601e10070f7541fed62d5ebd6319d6e447599d2a4f081e942a79f871,VERIFIED,True,alchemy|infura
ca2-e6ddbcb4d936397b6ffe,ca2-e6ddbcb4d936397b6ffe.json,76a356ce4087264761a1da4bd8d627af857072324830ec50426ea7ff6f9fb272,VERIFIED,True,alchemy|infura
ca2-e71c9a37159c80622f42,ca2-e71c9a37159c80622f42.json,50b35d58a5a50f2cefe1b02d9bb95c1979ad137764cb261a68ae257259656051,VERIFIED,True,alchemy|infura
ca2-e726d15fcadb675a6a84,ca2-e726d15fcadb675a6a84.json,e2c79f25491e2a3b874f8f45dd6a6957df31392c8a29eed7216b8bd6aa05d3e5,VERIFIED,True,alchemy|infura
ca2-e75c05f94545176def00,ca2-e75c05f94545176def00.json,c11410f6a0d15bf89c939773ba7a7d5ffd141779fabe2b8110874a0e18d888b0,VERIFIED,True,alchemy|infura
ca2-e7cd16bb64166a6efe64,ca2-e7cd16bb64166a6efe64.json,6d9245a955b84b956f7c0b18baa72a4ae8f69968af637742554437e208355abc,VERIFIED,True,alchemy|infura
ca2-e92eb18ffd5cb5150b66,ca2-e92eb18ffd5cb5150b66.json,1f281eabcf71478d6dd9e625cc541c7214440f324e4845d7c6c33e43bbc5718a,VERIFIED,True,alchemy|infura
ca2-ea9f778a9d9aef43fc02,ca2-ea9f778a9d9aef43fc02.json,e9ea4625f27fe7880ce1645ae43c26ee4917e2573020ba63b61a9011d8bd94f9,VERIFIED,True,alchemy|infura
ca2-eaf1e84be2ca5fa8830a,ca2-eaf1e84be2ca5fa8830a.json,6e9e9840aa063038393eab73ac2dcecbeb2c6d5b9fba1ed9b66de1b4f5624541,VERIFIED,True,alchemy|infura
ca2-eafba3ad227d4a51d107,ca2-eafba3ad227d4a51d107.json,70b22f4c5e8c05a6294ef606de361a02ac407060b26c85ba1745bc8fe3835e04,VERIFIED,True,alchemy|infura
ca2-eaff56dcacef885f96a2,ca2-eaff56dcacef885f96a2.json,ab961c4f589081a40bef291355d04f34d71a4192b336489b27f61a7b744828af,VERIFIED,True,alchemy|infura
ca2-ed09542f8921c91cd3ec,ca2-ed09542f8921c91cd3ec.json,217796f890550b8508534a363cb4b76d7c816ed2a5ee8bac7ae59066b6dbfceb,VERIFIED,True,alchemy|infura
ca2-ed5ea743787aecff1e56,ca2-ed5ea743787aecff1e56.json,5139ad5737f88b2e87be73617996e3c5572feed9e3cb5f52e29c70cbacf5837e,VERIFIED,True,alchemy|infura
ca2-ee23a7f09f8e25f5c7d9,ca2-ee23a7f09f8e25f5c7d9.json,7c9ff9e69886b11a16a2911d92c632bdf1e86c66a33006ff2bb5bf1fb1da3435,VERIFIED,True,alchemy|infura
ca2-ee795333beb4dcb94cce,ca2-ee795333beb4dcb94cce.json,5d6a28a1d1ae875723247d454e3c3cab859dc4528758ffe2755ba0ad0d7d05f3,VERIFIED,True,alchemy|infura
ca2-efe411bc9d7f06b1ba73,ca2-efe411bc9d7f06b1ba73.json,6b80e16e18df8b5dbdb4403a5f669352e606a992a5f86f5aa84dffa7f8669f77,VERIFIED,True,alchemy|infura
ca2-f056a955a865b551a342,ca2-f056a955a865b551a342.json,5866f3c40f7b1bc79af77a56d8cc4e6ae7e216d1cfe306e714354ec15cbd93a8,VERIFIED,True,alchemy|infura
ca2-f18eddf4c9f68d58e510,ca2-f18eddf4c9f68d58e510.json,c0a89e35d7a5ded722dfe14620c65e712ab0351d7324eb376549f36e49dafc99,VERIFIED,True,alchemy|infura
ca2-f2fdba3be5c566aed586,ca2-f2fdba3be5c566aed586.json,8a3f6603e6d7ea6ccb99b244ef5541d71a93e500fe441221106c482449ce52a3,VERIFIED,True,alchemy|infura
ca2-f359ea85ce584fc54da1,ca2-f359ea85ce584fc54da1.json,6f673e382b6289dc23abe0ed6afb4ce81929f5d649f45e68678064e18e8cc0ba,VERIFIED,True,alchemy|infura
ca2-f39ef961ac91c6d34016,ca2-f39ef961ac91c6d34016.json,45efcadc75ea9ab22711c03a74b5756563ce52a94bb5425baa3a7e9bc8344227,VERIFIED,True,alchemy|infura
ca2-f3e658093e457630a524,ca2-f3e658093e457630a524.json,c355581bd375a49fee603b7ad636e34126335193b92357469239e076e6e0ae24,VERIFIED,True,alchemy|infura
ca2-f459648a3f9405d0f148,ca2-f459648a3f9405d0f148.json,b762ac277618555eb467304d58178ddb012e1c0e2159caf4febcc65cc39eb57e,VERIFIED,True,alchemy|infura
ca2-f4910903d7134e1d631f,ca2-f4910903d7134e1d631f.json,dbaa0f1f12225f6ec4a0b05b5757931977e62ca4c4cb2f382a7aeebeba213b4e,VERIFIED,True,alchemy|infura
ca2-f4a91ff1efea083dedab,ca2-f4a91ff1efea083dedab.json,51e8770a34134a8460f64512087c52e0a1bb99ba3ca5dddacf08c8586547a4b3,VERIFIED,True,alchemy|infura
ca2-f4c153bbeb9c3fff7e54,ca2-f4c153bbeb9c3fff7e54.json,4062423e09c0fcfc6493d073c9f843429379fc3e0d8eeb305be0c23e438099a9,VERIFIED,True,alchemy|infura
ca2-f52d9b4393b86654cabd,ca2-f52d9b4393b86654cabd.json,26f04e030da945a229a968a79250050adb884c374e20970900de335375ca78cb,VERIFIED,True,alchemy|infura
ca2-f655d6375b3979edab38,ca2-f655d6375b3979edab38.json,82b58be2a1c975e87ee702ea63fe95eeabeb5bafef2ded89ff6928fd8c667aef,VERIFIED,True,alchemy|infura
ca2-f6ff26fef2c7c8239a54,ca2-f6ff26fef2c7c8239a54.json,a2fa26a3ca377424e77b395be5f23bd4247cbe14f31b8b1194d33be82dde1061,VERIFIED,True,alchemy|infura
ca2-f7368dc0ef887de15bf4,ca2-f7368dc0ef887de15bf4.json,708ab44905d935d62b395dc31d8f0088be8e6ef623a66ee092025dcd2362998e,VERIFIED,True,alchemy|infura
ca2-f869139a8dcac0542bd9,ca2-f869139a8dcac0542bd9.json,6a9d84a74dfcb0ab84eee8908bc61182d67e4ed7a0a60402711b6b336b453162,VERIFIED,True,alchemy|infura
ca2-fa0880968324b82371e6,ca2-fa0880968324b82371e6.json,d3f609119ebec98190cbfcc1dbe39a0769990cd8d2702bae289eb01eefaae7cd,VERIFIED,True,alchemy|infura
ca2-fb44a0ed0d7b6f375c60,ca2-fb44a0ed0d7b6f375c60.json,8272be845c40c2ed18abc4abad909661efb0e63347759edda86fd4804ade9a81,VERIFIED,True,alchemy|infura
ca2-fdb8417e3a94f2d5fc68,ca2-fdb8417e3a94f2d5fc68.json,7f2d958afa28fe61fd78a89214001479def6e2fa16cb1b5964ade260c8302db9,VERIFIED,True,alchemy|infura
ca2-fdd7dce161154c375fb2,ca2-fdd7dce161154c375fb2.json,f7b3ef01c7856bc8d49a01fc9698c11d2faea6e7966dd72f3a22a333afb2dae7,VERIFIED,True,alchemy|infura
ca2-fe0426b19503c34e1f18,ca2-fe0426b19503c34e1f18.json,4e6294192bb74c352dea72bd582be59ca7f82b1e1b4fbf1744a015981acbed15,VERIFIED,True,alchemy|infura
ca2-feebcd26919bea5b0014,ca2-feebcd26919bea5b0014.json,2803fd8f1f88a64771c0d1da01fed36dd68107d3ccbe4364ba0ffda1d0cad6eb,VERIFIED,True,alchemy|infura
ca2-ffbe4d4d4db010d46d01,ca2-ffbe4d4d4db010d46d01.json,aa6f73b28c4d6b95ce1262e7f6ab68b282ac439eb5557a6407405471811ceb19,VERIFIED,True,alchemy|infura
ca2-ffeb7afe408bddf67264,ca2-ffeb7afe408bddf67264.json,7db436c0419b099e307d123412f263217bf18a38c5e960703c94b0b53fe56788,VERIFIED,True,alchemy|infura
